Bestellzeitpunkt;Tag der Bestellung;Bonid;Tisch;Produktpreis (Euro);Bestell-ID;Produkt;Produkt-ID;;;;;;;;;;;;;;;;
30.04.25 10:31;Mittwoch;1;Frankreich;1,5;35;Kaffee Americano;2;;;;;;;;;;;;;;;;
30.04.25 10:31;Mittwoch;1;Frankreich;1,5;36;Kaffee Americano;2;;;;;;;;;;;;;;;;
30.04.25 10:39;Mittwoch;2;Lama;1,5;37;Kaffee Americano;2;;;;;;;;;;;;;;;;
30.04.25 10:39;Mittwoch;2;Lama;1,5;38;Kaffee Americano;2;;;;;;;;;;;;;;;;
30.04.25 10:39;Mittwoch;2;Lama;1,5;39;Kaffee Americano;2;;;;;;;;;;;;;;;;
30.04.25 10:40;Mittwoch;3;Ziege;1,5;40;Cappucino;3;;;;;;;;;;;;;;;;
30.04.25 10:40;Mittwoch;3;Ziege;1,5;41;Kaffee Americano;2;;;;;;;;;;;;;;;;
30.04.25 10:45;Mittwoch;4;Delfin;1,5;42;Kaffee Americano;2;;;;;;;;;;;;;;;;
30.04.25 10:46;Mittwoch;5;Lachs;1,5;43;Kaffee Americano;2;;;;;;;;;;;;;;;;
30.04.25 10:59;Mittwoch;6;Dachs;1,5;44;Cappucino;3;;;;;;;;;;;;;;;;
30.04.25 10:59;Mittwoch;6;Dachs;1,5;45;Cappucino;3;;;;;;;;;;;;;;;;
30.04.25 11:02;Mittwoch;7;Katze;1,5;46;Cappucino;3;;;;;;;;;;;;;;;;
30.04.25 11:04;Mittwoch;8;Maus;1,5;47;Kaffee Americano;2;;;;;;;;;;;;;;;;
30.04.25 11:14;Mittwoch;9;Spanien;1,5;48;Kaffee Americano;2;;;;;;;;;;;;;;;;
30.04.25 11:31;Mittwoch;10;Dachs;1,5;49;Cappucino;3;;;;;;;;;;;;;;;;
30.04.25 11:34;Mittwoch;11;Katze;1,5;50;Kaffee Americano;2;;;;;;;;;;;;;;;;
30.04.25 11:35;Mittwoch;12;Maus;1,5;51;Cappucino;3;;;;;;;;;;;;;;;;
30.04.25 11:37;Mittwoch;13;Pferd;1,5;52;Kaffee Americano;2;;;;;;;;;;;;;;;;
30.04.25 11:37;Mittwoch;13;Pferd;1,5;53;Kaffee Americano;2;;;;;;;;;;;;;;;;
30.04.25 11:51;Mittwoch;14;Spanien;1,5;54;Kaffee Americano;2;;;;;;;;;;;;;;;;
30.04.25 11:52;Mittwoch;15;Ungarn;1,5;55;Kaffee Americano;2;;;;;;;;;;;;;;;;
30.04.25 11:54;Mittwoch;16;Maus;1,5;56;Latte Macchiato;4;;;;;;;;;;;;;;;;
30.04.25 11:55;Mittwoch;17;Huhn;1;57;Earl Grey;9;;;;;;;;;;;;;;;;
30.04.25 12:12;Mittwoch;18;Lama;1,5;58;Latte Macchiato;4;;;;;;;;;;;;;;;;
30.04.25 12:27;Mittwoch;19;Lachs;1;59;Dajeeling;10;;;;;;;;;;;;;;;;
30.04.25 13:20;Mittwoch;20;Lachs;1;60;Hibiskus;8;;;;;;;;;;;;;;;;
30.04.25 13:20;Mittwoch;21;Hummel;1,5;61;Kaffee Americano;2;;;;;;;;;;;;;;;;
30.04.25 13:21;Mittwoch;22;Schaf;1,5;62;Latte Macchiato;4;;;;;;;;;;;;;;;;
30.04.25 13:22;Mittwoch;23;Igel;1,5;63;Cappucino;3;;;;;;;;;;;;;;;;
30.04.25 13:23;Mittwoch;24;Reh;1,5;64;Cappucino;3;;;;;;;;;;;;;;;;
30.04.25 13:26;Mittwoch;25;Biene;1,5;65;Espresso;1;;;;;;;;;;;;;;;;
30.04.25 13:28;Mittwoch;26;Huhn;1,5;66;Kaffee Americano;2;;;;;;;;;;;;;;;;
30.04.25 13:35;Mittwoch;27;Pferd;1,5;67;Cappucino;3;;;;;;;;;;;;;;;;
30.04.25 13:35;Mittwoch;27;Pferd;1,5;68;Cappucino;3;;;;;;;;;;;;;;;;
30.04.25 13:35;Mittwoch;28;Maus;2;69;Espresso Tonic;12;;;;;;;;;;;;;;;;
30.04.25 13:36;Mittwoch;29;Katze;1,5;70;Cappucino;3;;;;;;;;;;;;;;;;
30.04.25 13:36;Mittwoch;30;Dachs;1,5;71;Kaffee Americano;2;;;;;;;;;;;;;;;;
30.04.25 13:52;Mittwoch;31;Lama;1,5;72;Espresso;1;;;;;;;;;;;;;;;;
30.04.25 13:53;Mittwoch;32;Ziege;1,5;73;Kaffee Americano;2;;;;;;;;;;;;;;;;
30.04.25 13:56;Mittwoch;33;Delfin;1,5;74;Kaffee Americano;2;;;;;;;;;;;;;;;;
30.04.25 13:56;Mittwoch;33;Delfin;1;75;Bergkräuter Minze;7;;;;;;;;;;;;;;;;
30.04.25 14:00;Mittwoch;34;Hummel;1,5;76;Cappucino;3;;;;;;;;;;;;;;;;
30.04.25 14:01;Mittwoch;35;Lachs;1,5;77;Kaffee Americano;2;;;;;;;;;;;;;;;;
30.04.25 14:05;Mittwoch;36;Schaf;1;78;Earl Grey;9;;;;;;;;;;;;;;;;
30.04.25 14:05;Mittwoch;37;Reh;1;79;Hibiskus;8;;;;;;;;;;;;;;;;
30.04.25 14:12;Mittwoch;38;Igel;1,5;80;Kaffee Americano;2;;;;;;;;;;;;;;;;
30.04.25 14:15;Mittwoch;39;Biene;1;81;Bergkräuter Minze;7;;;;;;;;;;;;;;;;
30.04.25 14:15;Mittwoch;39;Biene;1;82;Bergkräuter Minze;7;;;;;;;;;;;;;;;;
30.04.25 14:17;Mittwoch;40;Lachs;1,5;83;Latte Macchiato;4;;;;;;;;;;;;;;;;
30.04.25 14:23;Mittwoch;41;Reh;1,5;84;Cappucino;3;;;;;;;;;;;;;;;;
30.04.25 14:23;Mittwoch;41;Reh;1,5;85;Cappucino;3;;;;;;;;;;;;;;;;
30.04.25 14:26;Mittwoch;42;Frankreich;1,5;86;Latte Macchiato;4;;;;;;;;;;;;;;;;
30.04.25 14:34;Mittwoch;43;Katze;1;87;Dajeeling;10;;;;;;;;;;;;;;;;
30.04.25 14:39;Mittwoch;44;Spanien;1,5;88;Latte Macchiato;4;;;;;;;;;;;;;;;;
30.04.25 14:40;Mittwoch;45;Ungarn;1,5;89;Latte Macchiato;4;;;;;;;;;;;;;;;;
30.04.25 14:44;Mittwoch;46;Lama;1,5;90;Kaffee Americano;2;;;;;;;;;;;;;;;;
30.04.25 14:45;Mittwoch;47;Ziege;0,5;91;ToGo Pfand;93;;;;;;;;;;;;;;;;
30.04.25 14:45;Mittwoch;47;Ziege;0,5;92;ToGo Pfand;93;;;;;;;;;;;;;;;;
30.04.25 14:47;Mittwoch;48;Dänemark;1,5;93;Cappucino;3;;;;;;;;;;;;;;;;
30.04.25 14:48;Mittwoch;49;Polen;1,5;94;Cappucino;3;;;;;;;;;;;;;;;;
30.04.25 14:49;Mittwoch;50;England;1,5;95;Kaffee Americano;2;;;;;;;;;;;;;;;;
30.04.25 14:54;Mittwoch;51;Hummel;1,5;96;Kaffee Americano;2;;;;;;;;;;;;;;;;
30.04.25 14:57;Mittwoch;52;Norwegen;1,5;97;Cappucino;3;;;;;;;;;;;;;;;;
30.04.25 14:58;Mittwoch;53;Schweiz;0,5;98;ToGo Pfand;93;;;;;;;;;;;;;;;;
30.04.25 15:03;Mittwoch;54;Schweden;1,5;99;Cappucino;3;;;;;;;;;;;;;;;;
30.04.25 15:03;Mittwoch;55;Finnland;1,5;100;Latte Macchiato;4;;;;;;;;;;;;;;;;
30.04.25 15:04;Mittwoch;56;Moldau;1,5;101;Kaffee Americano;2;;;;;;;;;;;;;;;;
30.04.25 15:05;Mittwoch;57;Serbien;1,5;102;Kaffee Americano;2;;;;;;;;;;;;;;;;
30.04.25 15:05;Mittwoch;58;Ziege;1,5;103;Kaffee Americano;2;;;;;;;;;;;;;;;;
30.04.25 15:09;Mittwoch;59;Delfin;1,5;104;Cappucino;3;;;;;;;;;;;;;;;;
30.04.25 15:09;Mittwoch;59;Delfin;1,5;105;Cappucino;3;;;;;;;;;;;;;;;;
30.04.25 15:09;Mittwoch;59;Delfin;1,5;106;Cappucino;3;;;;;;;;;;;;;;;;
30.04.25 15:11;Mittwoch;60;Kroatien;1,5;107;Cappucino;3;;;;;;;;;;;;;;;;
30.04.25 15:11;Mittwoch;60;Kroatien;0,5;108;ToGo Pfand;93;;;;;;;;;;;;;;;;
30.04.25 15:16;Mittwoch;61;Frankreich;1,5;109;Latte Macchiato;4;;;;;;;;;;;;;;;;
30.04.25 15:17;Mittwoch;62;Italien;1,5;110;Latte Macchiato;4;;;;;;;;;;;;;;;;
30.04.25 15:18;Mittwoch;63;Spanien;1,5;111;Cappucino;3;;;;;;;;;;;;;;;;
30.04.25 15:24;Mittwoch;64;England;1,5;112;Kaffee Americano;2;;;;;;;;;;;;;;;;
30.04.25 15:25;Mittwoch;65;Maus;1,5;113;Cappucino;3;;;;;;;;;;;;;;;;
30.04.25 15:30;Mittwoch;66;Norwegen;1,5;114;Kaffee Americano;2;;;;;;;;;;;;;;;;
30.04.25 15:31;Mittwoch;67;Schweden;1,5;115;Kaffee Americano;2;;;;;;;;;;;;;;;;
30.04.25 15:32;Mittwoch;68;Finnland;1,5;116;Cappucino;3;;;;;;;;;;;;;;;;
30.04.25 15:32;Mittwoch;68;Finnland;1,5;117;Cappucino;3;;;;;;;;;;;;;;;;
30.04.25 15:34;Mittwoch;69;Moldau;1,5;118;Latte Macchiato;4;;;;;;;;;;;;;;;;
30.04.25 15:34;Mittwoch;69;Moldau;1,5;119;Latte Macchiato;4;;;;;;;;;;;;;;;;
30.04.25 15:34;Mittwoch;70;Serbien;1,5;120;Kaffee Americano;2;;;;;;;;;;;;;;;;
30.04.25 15:35;Mittwoch;71;Italien;1,5;121;Latte Macchiato;4;;;;;;;;;;;;;;;;
30.04.25 15:35;Mittwoch;71;Italien;1,5;122;Latte Macchiato;4;;;;;;;;;;;;;;;;
30.04.25 15:43;Mittwoch;72;Lachs;1,5;123;Kaffee Americano;2;;;;;;;;;;;;;;;;
30.04.25 15:48;Mittwoch;73;Reh;1,5;124;Kaffee Americano;2;;;;;;;;;;;;;;;;
30.04.25 15:57;Mittwoch;74;Italien;1,5;125;Kaffee Americano;2;;;;;;;;;;;;;;;;
30.04.25 15:57;Mittwoch;74;Italien;1,5;126;Kaffee Americano;2;;;;;;;;;;;;;;;;
30.04.25 15:57;Mittwoch;74;Italien;0,5;127;ToGo Pfand;93;;;;;;;;;;;;;;;;
30.04.25 15:57;Mittwoch;74;Italien;0,5;128;ToGo Pfand;93;;;;;;;;;;;;;;;;
30.04.25 15:59;Mittwoch;75;Lama;1,5;129;Cappucino;3;;;;;;;;;;;;;;;;
30.04.25 16:09;Mittwoch;76;Hummel;1,5;130;Cappucino;3;;;;;;;;;;;;;;;;
30.04.25 16:09;Mittwoch;76;Hummel;1,5;131;Cappucino;3;;;;;;;;;;;;;;;;
30.04.25 16:14;Mittwoch;77;Ziege;1,5;132;Latte Macchiato;4;;;;;;;;;;;;;;;;
30.04.25 16:30;Mittwoch;78;Huhn;1;133;Bergkräuter Minze;7;;;;;;;;;;;;;;;;
30.04.25 16:47;Mittwoch;79;Igel;1,5;134;Cappucino;3;;;;;;;;;;;;;;;;
30.04.25 16:47;Mittwoch;80;Biene;1,5;135;Cappucino;3;;;;;;;;;;;;;;;;
30.04.25 17:12;Mittwoch;81;Delfin;1;136;Grüner Tee Sencha;6;;;;;;;;;;;;;;;;
30.04.25 17:12;Mittwoch;81;Delfin;1,5;137;Cappucino;3;;;;;;;;;;;;;;;;
30.04.25 17:54;Mittwoch;82;Delfin;1,5;138;Cappucino;3;;;;;;;;;;;;;;;;
30.04.25 18:15;Mittwoch;83;Frankreich;1;139;Grüner Tee Sencha;6;;;;;;;;;;;;;;;;
01.05.25 10:31;Donnerstag;84;Lama;1,5;140;Kaffee Americano;2;;;;;;;;;;;;;;;;
01.05.25 10:32;Donnerstag;85;Ziege;1,5;141;Cappucino;3;;;;;;;;;;;;;;;;
01.05.25 10:33;Donnerstag;86;Delfin;1,5;142;Kaffee Americano;2;;;;;;;;;;;;;;;;
01.05.25 10:33;Donnerstag;87;Lachs;1,5;143;Cappucino;3;;;;;;;;;;;;;;;;
01.05.25 10:34;Donnerstag;88;Hummel;1,5;144;Kaffee Americano;2;;;;;;;;;;;;;;;;
01.05.25 10:35;Donnerstag;89;Schaf;1,5;145;Latte Macchiato;4;;;;;;;;;;;;;;;;
01.05.25 10:35;Donnerstag;90;Igel;1,5;146;Kaffee Americano;2;;;;;;;;;;;;;;;;
01.05.25 10:35;Donnerstag;91;Reh;1,5;147;Latte Macchiato;4;;;;;;;;;;;;;;;;
01.05.25 10:36;Donnerstag;92;Biene;1,5;148;Kaffee Americano;2;;;;;;;;;;;;;;;;
01.05.25 10:36;Donnerstag;93;Huhn;1,5;149;Kaffee Americano;2;;;;;;;;;;;;;;;;
01.05.25 10:37;Donnerstag;94;Pferd;1,5;150;Cappucino;3;;;;;;;;;;;;;;;;
01.05.25 10:37;Donnerstag;95;Maus;1,5;151;Cappucino;3;;;;;;;;;;;;;;;;
01.05.25 10:39;Donnerstag;96;Katze;1,5;152;Kaffee Americano;2;;;;;;;;;;;;;;;;
01.05.25 10:39;Donnerstag;96;Katze;1,5;153;Kaffee Americano;2;;;;;;;;;;;;;;;;
01.05.25 10:39;Donnerstag;97;Frankreich;2;154;Espresso Tonic;12;;;;;;;;;;;;;;;;
01.05.25 10:40;Donnerstag;98;Spanien;1,5;155;Kaffee Americano;2;;;;;;;;;;;;;;;;
01.05.25 10:41;Donnerstag;99;Lama;1,5;156;Latte Macchiato;4;;;;;;;;;;;;;;;;
01.05.25 10:43;Donnerstag;100;Ungarn;1,5;157;Kaffee Americano;2;;;;;;;;;;;;;;;;
01.05.25 10:44;Donnerstag;101;Dänemark;1,5;158;Latte Macchiato;4;;;;;;;;;;;;;;;;
01.05.25 10:50;Donnerstag;102;Frankreich;1,5;159;Latte Macchiato;4;;;;;;;;;;;;;;;;
01.05.25 10:51;Donnerstag;103;England;1,5;160;Kaffee Americano;2;;;;;;;;;;;;;;;;
01.05.25 10:57;Donnerstag;104;Norwegen;1;161;Bergkräuter Minze;7;;;;;;;;;;;;;;;;
01.05.25 10:58;Donnerstag;105;Schweiz;1,5;162;Kaffee Americano;2;;;;;;;;;;;;;;;;
01.05.25 11:00;Donnerstag;106;Schweiz;1,5;163;Espresso;1;;;;;;;;;;;;;;;;
01.05.25 11:01;Donnerstag;107;Dänemark;1,5;164;Espresso;1;;;;;;;;;;;;;;;;
01.05.25 11:01;Donnerstag;107;Dänemark;1,5;165;Cappucino;3;;;;;;;;;;;;;;;;
01.05.25 11:02;Donnerstag;108;Schweden;1,5;166;Kaffee Americano;2;;;;;;;;;;;;;;;;
01.05.25 11:07;Donnerstag;109;Finnland;1,5;167;Latte Macchiato;4;;;;;;;;;;;;;;;;
01.05.25 11:09;Donnerstag;110;Moldau;1,5;168;Kaffee Americano;2;;;;;;;;;;;;;;;;
01.05.25 11:09;Donnerstag;110;Moldau;0,5;169;ToGo Pfand;93;;;;;;;;;;;;;;;;
01.05.25 11:12;Donnerstag;111;Serbien;2;170;Espresso Tonic;12;;;;;;;;;;;;;;;;
01.05.25 11:16;Donnerstag;112;Kroatien;1,5;171;Cappucino;3;;;;;;;;;;;;;;;;
01.05.25 11:16;Donnerstag;112;Kroatien;1,5;172;Kaffee Americano;2;;;;;;;;;;;;;;;;
01.05.25 11:18;Donnerstag;113;Italien;1;173;Bergkräuter Minze;7;;;;;;;;;;;;;;;;
01.05.25 11:22;Donnerstag;114;Ungarn;1,5;174;Cappucino;3;;;;;;;;;;;;;;;;
01.05.25 11:27;Donnerstag;115;Schweiz;1,5;175;Kaffee Americano;2;;;;;;;;;;;;;;;;
01.05.25 11:27;Donnerstag;115;Schweiz;1,5;176;Kaffee Americano;2;;;;;;;;;;;;;;;;
01.05.25 11:28;Donnerstag;116;England;1,5;177;Cappucino;3;;;;;;;;;;;;;;;;
01.05.25 11:33;Donnerstag;117;Lama;1,5;178;Kaffee Americano;2;;;;;;;;;;;;;;;;
01.05.25 11:33;Donnerstag;117;Lama;1,5;179;Kaffee Americano;2;;;;;;;;;;;;;;;;
01.05.25 11:33;Donnerstag;117;Lama;1,5;180;Kaffee Americano;2;;;;;;;;;;;;;;;;
01.05.25 11:34;Donnerstag;118;Katze;1;181;Hibiskus;8;;;;;;;;;;;;;;;;
01.05.25 11:35;Donnerstag;119;Hummel;1,5;182;Kaffee Americano;2;;;;;;;;;;;;;;;;
01.05.25 11:35;Donnerstag;120;Delfin;1;183;Earl Grey;9;;;;;;;;;;;;;;;;
01.05.25 11:36;Donnerstag;121;Dachs;2;184;Espresso Tonic;12;;;;;;;;;;;;;;;;
01.05.25 11:36;Donnerstag;122;Lachs;2;185;Espresso Tonic;12;;;;;;;;;;;;;;;;
01.05.25 11:36;Donnerstag;123;Ziege;1,5;186;Cappucino;3;;;;;;;;;;;;;;;;
01.05.25 11:37;Donnerstag;124;Biene;1,5;187;Cappucino;3;;;;;;;;;;;;;;;;
01.05.25 11:37;Donnerstag;124;Biene;1,5;188;Latte Macchiato;4;;;;;;;;;;;;;;;;
01.05.25 11:38;Donnerstag;125;Reh;1,5;189;Latte Macchiato;4;;;;;;;;;;;;;;;;
01.05.25 11:38;Donnerstag;126;Schaf;1,5;190;Latte Macchiato;4;;;;;;;;;;;;;;;;
01.05.25 11:41;Donnerstag;127;Igel;1,5;191;Kaffee Americano;2;;;;;;;;;;;;;;;;
01.05.25 11:44;Donnerstag;128;Maus;2;192;Espresso Tonic;12;;;;;;;;;;;;;;;;
01.05.25 11:44;Donnerstag;128;Maus;2;193;Espresso Tonic;12;;;;;;;;;;;;;;;;
01.05.25 11:45;Donnerstag;129;Pferd;1,5;194;Espresso;1;;;;;;;;;;;;;;;;
01.05.25 11:48;Donnerstag;130;Huhn;1,5;195;Cappucino;3;;;;;;;;;;;;;;;;
01.05.25 11:48;Donnerstag;130;Huhn;0,5;196;ToGo Pfand;93;;;;;;;;;;;;;;;;
01.05.25 11:51;Donnerstag;131;Lama;1,5;197;Latte Macchiato;4;;;;;;;;;;;;;;;;
01.05.25 11:51;Donnerstag;131;Lama;1,5;198;Latte Macchiato;4;;;;;;;;;;;;;;;;
01.05.25 11:55;Donnerstag;132;Hummel;1,5;199;Latte Macchiato;4;;;;;;;;;;;;;;;;
01.05.25 11:55;Donnerstag;133;Katze;1,5;200;Cappucino;3;;;;;;;;;;;;;;;;
01.05.25 12:00;Donnerstag;134;Delfin;1,5;201;Espresso;1;;;;;;;;;;;;;;;;
01.05.25 12:00;Donnerstag;134;Delfin;1,5;202;Espresso;1;;;;;;;;;;;;;;;;
01.05.25 12:04;Donnerstag;135;Dachs;1,5;203;Latte Macchiato;4;;;;;;;;;;;;;;;;
01.05.25 12:10;Donnerstag;136;Ziege;1,5;204;Cappucino;3;;;;;;;;;;;;;;;;
01.05.25 12:11;Donnerstag;137;Lachs;1;205;Bergkräuter Minze;7;;;;;;;;;;;;;;;;
01.05.25 12:11;Donnerstag;138;Biene;1,5;206;Kaffee Americano;2;;;;;;;;;;;;;;;;
01.05.25 12:15;Donnerstag;139;Reh;1,5;207;Cappucino;3;;;;;;;;;;;;;;;;
01.05.25 12:23;Donnerstag;140;Schaf;1,5;208;Kaffee Americano;2;;;;;;;;;;;;;;;;
01.05.25 12:23;Donnerstag;140;Schaf;0,5;209;ToGo Pfand;93;;;;;;;;;;;;;;;;
01.05.25 12:24;Donnerstag;141;Igel;2;210;Espresso Tonic;12;;;;;;;;;;;;;;;;
01.05.25 12:24;Donnerstag;141;Igel;2;211;Espresso Tonic;12;;;;;;;;;;;;;;;;
01.05.25 12:26;Donnerstag;142;Maus;1;212;Grüner Tee Sencha;6;;;;;;;;;;;;;;;;
01.05.25 12:26;Donnerstag;142;Maus;0,5;213;ToGo Pfand;94;;;;;;;;;;;;;;;;
01.05.25 12:30;Donnerstag;143;Huhn;1,5;214;Cappucino;3;;;;;;;;;;;;;;;;
01.05.25 12:31;Donnerstag;144;Lama;1,5;215;Kaffee Americano;2;;;;;;;;;;;;;;;;
01.05.25 12:33;Donnerstag;145;Dänemark;1,5;216;Latte Macchiato;4;;;;;;;;;;;;;;;;
01.05.25 12:35;Donnerstag;146;Schweden;1,5;217;Kaffee Americano;2;;;;;;;;;;;;;;;;
01.05.25 12:36;Donnerstag;147;Huhn;1,5;218;Kaffee Americano;2;;;;;;;;;;;;;;;;
01.05.25 12:41;Donnerstag;148;Lama;2;219;Espresso Tonic;12;;;;;;;;;;;;;;;;
01.05.25 12:45;Donnerstag;149;Katze;1;220;Bergkräuter Minze;7;;;;;;;;;;;;;;;;
01.05.25 12:53;Donnerstag;150;Norwegen;2;221;Espresso Tonic;12;;;;;;;;;;;;;;;;
01.05.25 12:54;Donnerstag;151;Serbien;1,5;222;Cappucino;3;;;;;;;;;;;;;;;;
01.05.25 12:58;Donnerstag;152;Moldau;1,5;223;Kaffee Americano;2;;;;;;;;;;;;;;;;
01.05.25 12:59;Donnerstag;153;Katze;1,5;224;Kaffee Americano;2;;;;;;;;;;;;;;;;
01.05.25 12:59;Donnerstag;153;Katze;1,5;225;Kaffee Americano;2;;;;;;;;;;;;;;;;
01.05.25 12:59;Donnerstag;154;Hummel;1,5;226;Latte Macchiato;4;;;;;;;;;;;;;;;;
01.05.25 12:59;Donnerstag;154;Hummel;1,5;227;Kaffee Americano;2;;;;;;;;;;;;;;;;
01.05.25 13:00;Donnerstag;155;Dachs;1,5;228;Kaffee Americano;2;;;;;;;;;;;;;;;;
01.05.25 13:00;Donnerstag;155;Dachs;1,5;229;Kaffee Americano;2;;;;;;;;;;;;;;;;
01.05.25 13:04;Donnerstag;156;Delfin;1,5;230;Latte Macchiato;4;;;;;;;;;;;;;;;;
01.05.25 13:04;Donnerstag;157;Ziege;1,5;231;Cappucino;3;;;;;;;;;;;;;;;;
01.05.25 13:07;Donnerstag;158;Hummel;1,5;232;Latte Macchiato;4;;;;;;;;;;;;;;;;
01.05.25 13:15;Donnerstag;159;Dachs;1,5;233;Kaffee Americano;2;;;;;;;;;;;;;;;;
01.05.25 13:16;Donnerstag;160;Biene;2;234;Espresso Tonic;12;;;;;;;;;;;;;;;;
01.05.25 13:16;Donnerstag;160;Biene;2;235;Espresso Tonic;12;;;;;;;;;;;;;;;;
01.05.25 13:17;Donnerstag;161;Reh;1,5;236;Cappucino;3;;;;;;;;;;;;;;;;
01.05.25 13:17;Donnerstag;161;Reh;1,5;237;Cappucino;3;;;;;;;;;;;;;;;;
01.05.25 13:17;Donnerstag;161;Reh;2;238;Espresso Tonic;12;;;;;;;;;;;;;;;;
01.05.25 13:17;Donnerstag;162;Lachs;1,5;239;Cappucino;3;;;;;;;;;;;;;;;;
01.05.25 13:17;Donnerstag;162;Lachs;1,5;240;Cappucino;3;;;;;;;;;;;;;;;;
01.05.25 13:20;Donnerstag;163;Schaf;1,5;241;Kaffee Americano;2;;;;;;;;;;;;;;;;
01.05.25 13:22;Donnerstag;164;Maus;1,5;242;Cappucino;3;;;;;;;;;;;;;;;;
01.05.25 13:22;Donnerstag;164;Maus;1,5;243;Cappucino;3;;;;;;;;;;;;;;;;
01.05.25 13:28;Donnerstag;165;Igel;1,5;244;Cappucino;3;;;;;;;;;;;;;;;;
01.05.25 13:29;Donnerstag;166;Pferd;1,5;245;Latte Macchiato;4;;;;;;;;;;;;;;;;
01.05.25 13:30;Donnerstag;167;Lama;2;246;Espresso Tonic;12;;;;;;;;;;;;;;;;
01.05.25 13:30;Donnerstag;167;Lama;2;247;Espresso Tonic;12;;;;;;;;;;;;;;;;
01.05.25 13:30;Donnerstag;167;Lama;2;248;Espresso Tonic;12;;;;;;;;;;;;;;;;
01.05.25 13:30;Donnerstag;168;Huhn;1,5;249;Kaffee Americano;2;;;;;;;;;;;;;;;;
01.05.25 13:33;Donnerstag;169;Lachs;1,5;250;Kaffee Americano;2;;;;;;;;;;;;;;;;
01.05.25 13:35;Donnerstag;170;Biene;1,5;251;Cappucino;3;;;;;;;;;;;;;;;;
01.05.25 13:35;Donnerstag;170;Biene;1,5;252;Espresso;1;;;;;;;;;;;;;;;;
01.05.25 13:35;Donnerstag;171;Dachs;1,5;253;Espresso;1;;;;;;;;;;;;;;;;
01.05.25 13:37;Donnerstag;172;Katze;1;254;Gin Tonic;11;;;;;;;;;;;;;;;;
01.05.25 13:37;Donnerstag;173;Ziege;1,5;255;Cappucino;3;;;;;;;;;;;;;;;;
01.05.25 13:37;Donnerstag;173;Ziege;1,5;256;Cappucino;3;;;;;;;;;;;;;;;;
01.05.25 13:45;Donnerstag;174;Delfin;1,5;257;Cappucino;3;;;;;;;;;;;;;;;;
01.05.25 13:49;Donnerstag;175;Reh;1,5;258;Latte Macchiato;4;;;;;;;;;;;;;;;;
01.05.25 13:49;Donnerstag;176;Maus;1,5;259;Kaffee Americano;2;;;;;;;;;;;;;;;;
01.05.25 13:51;Donnerstag;177;Hummel;1,5;260;Kaffee Americano;2;;;;;;;;;;;;;;;;
01.05.25 13:52;Donnerstag;178;Lama;1,5;261;Cappucino;3;;;;;;;;;;;;;;;;
01.05.25 13:52;Donnerstag;178;Lama;1,5;262;Cappucino;3;;;;;;;;;;;;;;;;
01.05.25 13:53;Donnerstag;179;Pferd;1,5;263;Cappucino;3;;;;;;;;;;;;;;;;
01.05.25 13:53;Donnerstag;179;Pferd;1,5;264;Cappucino;3;;;;;;;;;;;;;;;;
01.05.25 13:54;Donnerstag;180;Hummel;1,5;265;Kaffee Americano;2;;;;;;;;;;;;;;;;
01.05.25 13:55;Donnerstag;181;Maus;1,5;266;Cappucino;3;;;;;;;;;;;;;;;;
01.05.25 13:56;Donnerstag;182;Delfin;1,5;267;Espresso;1;;;;;;;;;;;;;;;;
01.05.25 13:56;Donnerstag;182;Delfin;1,5;268;Espresso;1;;;;;;;;;;;;;;;;
01.05.25 14:00;Donnerstag;183;Igel;1,5;269;Cappucino;3;;;;;;;;;;;;;;;;
01.05.25 14:00;Donnerstag;183;Igel;1,5;270;Espresso;1;;;;;;;;;;;;;;;;
01.05.25 14:00;Donnerstag;184;Schaf;1,5;271;Cappucino;3;;;;;;;;;;;;;;;;
01.05.25 14:01;Donnerstag;185;Lachs;1,5;272;Kaffee Americano;2;;;;;;;;;;;;;;;;
01.05.25 14:05;Donnerstag;186;Delfin;1,5;273;Espresso;1;;;;;;;;;;;;;;;;
01.05.25 14:06;Donnerstag;187;Maus;1,5;274;Espresso;1;;;;;;;;;;;;;;;;
01.05.25 14:07;Donnerstag;188;Pferd;2;275;Espresso Tonic;12;;;;;;;;;;;;;;;;
01.05.25 14:07;Donnerstag;188;Pferd;1;276;Earl Grey;9;;;;;;;;;;;;;;;;
01.05.25 14:08;Donnerstag;189;Lama;2;277;Espresso Tonic;12;;;;;;;;;;;;;;;;
01.05.25 14:09;Donnerstag;190;Hummel;1,5;278;Latte Macchiato;4;;;;;;;;;;;;;;;;
01.05.25 14:09;Donnerstag;190;Hummel;1,5;279;Cappucino;3;;;;;;;;;;;;;;;;
01.05.25 14:11;Donnerstag;191;Maus;1;280;Matcha Kuchen;88;;;;;;;;;;;;;;;;
01.05.25 14:13;Donnerstag;192;Delfin;1,5;281;Latte Macchiato;4;;;;;;;;;;;;;;;;
01.05.25 14:13;Donnerstag;192;Delfin;1,5;282;Latte Macchiato;4;;;;;;;;;;;;;;;;
01.05.25 14:13;Donnerstag;192;Delfin;1,5;283;Latte Macchiato;4;;;;;;;;;;;;;;;;
01.05.25 14:13;Donnerstag;192;Delfin;1;284;Matcha Kuchen;88;;;;;;;;;;;;;;;;
01.05.25 14:14;Donnerstag;193;Reh;1;285;Focaccia;90;;;;;;;;;;;;;;;;
01.05.25 14:14;Donnerstag;193;Reh;1;286;Focaccia;90;;;;;;;;;;;;;;;;
01.05.25 14:15;Donnerstag;194;Huhn;1;287;Dajeeling;10;;;;;;;;;;;;;;;;
01.05.25 14:16;Donnerstag;195;Biene;1,5;288;Latte Macchiato;4;;;;;;;;;;;;;;;;
01.05.25 14:17;Donnerstag;196;Hummel;1,5;289;Latte Macchiato;4;;;;;;;;;;;;;;;;
01.05.25 14:23;Donnerstag;197;Katze;1,5;290;Cappucino;3;;;;;;;;;;;;;;;;
01.05.25 14:23;Donnerstag;198;Ziege;1;291;Matcha Kuchen;88;;;;;;;;;;;;;;;;
01.05.25 14:25;Donnerstag;199;Lachs;1,5;292;Cappucino;3;;;;;;;;;;;;;;;;
01.05.25 14:25;Donnerstag;199;Lachs;1;293;Matcha Kuchen;88;;;;;;;;;;;;;;;;
01.05.25 14:25;Donnerstag;199;Lachs;1;294;Matcha Kuchen;88;;;;;;;;;;;;;;;;
01.05.25 14:28;Donnerstag;200;Igel;1;295;Matcha Kuchen;88;;;;;;;;;;;;;;;;
01.05.25 14:28;Donnerstag;200;Igel;1;296;Matcha Kuchen;88;;;;;;;;;;;;;;;;
01.05.25 14:28;Donnerstag;200;Igel;1;297;Earl Grey;9;;;;;;;;;;;;;;;;
01.05.25 14:29;Donnerstag;201;Reh;1;298;Focaccia;90;;;;;;;;;;;;;;;;
01.05.25 14:29;Donnerstag;201;Reh;1,5;299;Kaffee Americano;2;;;;;;;;;;;;;;;;
01.05.25 14:29;Donnerstag;202;Delfin;1,5;300;Cappucino;3;;;;;;;;;;;;;;;;
01.05.25 14:30;Donnerstag;203;Lama;1,5;301;Cappucino;3;;;;;;;;;;;;;;;;
01.05.25 14:30;Donnerstag;203;Lama;1;302;Matcha Kuchen;88;;;;;;;;;;;;;;;;
01.05.25 14:33;Donnerstag;204;Maus;1,5;303;Cappucino;3;;;;;;;;;;;;;;;;
01.05.25 14:33;Donnerstag;204;Maus;1,5;304;Kaffee Americano;2;;;;;;;;;;;;;;;;
01.05.25 14:38;Donnerstag;205;Hummel;1;305;Matcha Kuchen;88;;;;;;;;;;;;;;;;
01.05.25 14:38;Donnerstag;205;Hummel;1,5;306;Cappucino;3;;;;;;;;;;;;;;;;
01.05.25 14:39;Donnerstag;206;Biene;1,5;307;Kaffee Americano;2;;;;;;;;;;;;;;;;
01.05.25 14:39;Donnerstag;206;Biene;1;308;Matcha Kuchen;88;;;;;;;;;;;;;;;;
01.05.25 14:40;Donnerstag;207;Katze;1,5;309;Cappucino;3;;;;;;;;;;;;;;;;
01.05.25 14:41;Donnerstag;208;Ziege;2;310;Espresso Tonic;12;;;;;;;;;;;;;;;;
01.05.25 14:41;Donnerstag;208;Ziege;0,5;311;ToGo Pfand;93;;;;;;;;;;;;;;;;
01.05.25 14:42;Donnerstag;209;Pferd;1;312;Matcha Kuchen;88;;;;;;;;;;;;;;;;
01.05.25 14:44;Donnerstag;210;Lama;1,5;313;Cappucino;3;;;;;;;;;;;;;;;;
01.05.25 14:45;Donnerstag;211;Delfin;1,5;314;Kaffee Americano;2;;;;;;;;;;;;;;;;
01.05.25 14:45;Donnerstag;211;Delfin;1;315;Earl Grey;9;;;;;;;;;;;;;;;;
01.05.25 14:45;Donnerstag;211;Delfin;1;316;Matcha Kuchen;88;;;;;;;;;;;;;;;;
01.05.25 14:46;Donnerstag;212;Reh;1;317;Bergkräuter Minze;7;;;;;;;;;;;;;;;;
01.05.25 14:46;Donnerstag;212;Reh;1;318;Focaccia;90;;;;;;;;;;;;;;;;
01.05.25 14:47;Donnerstag;213;Igel;1,5;319;Latte Macchiato;4;;;;;;;;;;;;;;;;
01.05.25 14:48;Donnerstag;214;Maus;1,5;320;Kaffee Americano;2;;;;;;;;;;;;;;;;
01.05.25 14:49;Donnerstag;215;Schaf;1;321;Matcha Kuchen;88;;;;;;;;;;;;;;;;
01.05.25 14:49;Donnerstag;215;Schaf;1;322;Matcha Kuchen;88;;;;;;;;;;;;;;;;
01.05.25 14:49;Donnerstag;215;Schaf;1,5;323;Cappucino;3;;;;;;;;;;;;;;;;
01.05.25 14:49;Donnerstag;215;Schaf;1,5;324;Cappucino;3;;;;;;;;;;;;;;;;
01.05.25 14:50;Donnerstag;216;Huhn;1;325;Focaccia;90;;;;;;;;;;;;;;;;
01.05.25 14:50;Donnerstag;216;Huhn;1;326;Focaccia;90;;;;;;;;;;;;;;;;
01.05.25 14:50;Donnerstag;216;Huhn;1;327;Focaccia;90;;;;;;;;;;;;;;;;
01.05.25 14:50;Donnerstag;216;Huhn;1;328;Matcha Kuchen;88;;;;;;;;;;;;;;;;
01.05.25 14:51;Donnerstag;217;Lachs;1;329;Focaccia;90;;;;;;;;;;;;;;;;
01.05.25 14:51;Donnerstag;217;Lachs;1;330;Matcha Kuchen;88;;;;;;;;;;;;;;;;
01.05.25 14:56;Donnerstag;218;Lama;1;331;Focaccia;90;;;;;;;;;;;;;;;;
01.05.25 14:59;Donnerstag;219;Ziege;1,5;332;Cappucino;3;;;;;;;;;;;;;;;;
01.05.25 14:59;Donnerstag;219;Ziege;1,5;333;Cappucino;3;;;;;;;;;;;;;;;;
01.05.25 15:00;Donnerstag;220;Pferd;1,5;334;Cappucino;3;;;;;;;;;;;;;;;;
01.05.25 15:00;Donnerstag;220;Pferd;1;335;Matcha Kuchen;88;;;;;;;;;;;;;;;;
01.05.25 15:01;Donnerstag;221;Schweden;1;336;Matcha Kuchen;88;;;;;;;;;;;;;;;;
01.05.25 15:01;Donnerstag;222;Dänemark;1,5;337;Cappucino;3;;;;;;;;;;;;;;;;
01.05.25 15:01;Donnerstag;222;Dänemark;1,5;338;Cappucino;3;;;;;;;;;;;;;;;;
01.05.25 15:02;Donnerstag;223;Moldau;1,5;339;Cappucino;3;;;;;;;;;;;;;;;;
01.05.25 15:02;Donnerstag;223;Moldau;1,5;340;Latte Macchiato;4;;;;;;;;;;;;;;;;
01.05.25 15:03;Donnerstag;224;Serbien;1;341;Matcha Kuchen;88;;;;;;;;;;;;;;;;
01.05.25 15:05;Donnerstag;225;Polen;1,5;342;Espresso;1;;;;;;;;;;;;;;;;
01.05.25 15:08;Donnerstag;226;Kroatien;1,5;343;Cappucino;3;;;;;;;;;;;;;;;;
01.05.25 15:09;Donnerstag;227;Italien;2;344;Espresso Tonic;12;;;;;;;;;;;;;;;;
01.05.25 15:09;Donnerstag;228;England;1,5;345;Latte Macchiato;4;;;;;;;;;;;;;;;;
01.05.25 15:12;Donnerstag;229;Ungarn;1,5;346;Cappucino;3;;;;;;;;;;;;;;;;
01.05.25 15:12;Donnerstag;229;Ungarn;1,5;347;Cappucino;3;;;;;;;;;;;;;;;;
01.05.25 15:17;Donnerstag;230;Maus;1,5;348;Cappucino;3;;;;;;;;;;;;;;;;
01.05.25 15:18;Donnerstag;231;Reh;1,5;349;Cappucino;3;;;;;;;;;;;;;;;;
01.05.25 15:18;Donnerstag;232;Ziege;1,5;350;Cappucino;3;;;;;;;;;;;;;;;;
01.05.25 15:19;Donnerstag;233;Lachs;1,5;351;Kaffee Americano;2;;;;;;;;;;;;;;;;
01.05.25 15:21;Donnerstag;234;Lama;1;352;Matcha Kuchen;88;;;;;;;;;;;;;;;;
01.05.25 15:21;Donnerstag;234;Lama;1,5;353;Latte Macchiato;4;;;;;;;;;;;;;;;;
01.05.25 15:22;Donnerstag;235;Ziege;1,5;354;Latte Macchiato;4;;;;;;;;;;;;;;;;
01.05.25 15:22;Donnerstag;235;Ziege;1,5;355;Latte Macchiato;4;;;;;;;;;;;;;;;;
01.05.25 15:22;Donnerstag;236;Reh;1,5;356;Kaffee Americano;2;;;;;;;;;;;;;;;;
01.05.25 15:25;Donnerstag;237;Maus;1;357;Focaccia;90;;;;;;;;;;;;;;;;
01.05.25 15:25;Donnerstag;237;Maus;1,5;358;Cappucino;3;;;;;;;;;;;;;;;;
01.05.25 15:26;Donnerstag;238;Pferd;1;359;Focaccia;90;;;;;;;;;;;;;;;;
01.05.25 15:26;Donnerstag;238;Pferd;1;360;Matcha Kuchen;88;;;;;;;;;;;;;;;;
01.05.25 15:28;Donnerstag;239;Huhn;1,5;361;Kaffee Americano;2;;;;;;;;;;;;;;;;
01.05.25 15:28;Donnerstag;239;Huhn;1;362;Matcha Kuchen;88;;;;;;;;;;;;;;;;
01.05.25 15:29;Donnerstag;240;Maus;1,5;363;Latte Macchiato;4;;;;;;;;;;;;;;;;
01.05.25 15:29;Donnerstag;240;Maus;1;364;Matcha Kuchen;88;;;;;;;;;;;;;;;;
01.05.25 15:31;Donnerstag;241;Ziege;1;365;Bergkräuter Minze;7;;;;;;;;;;;;;;;;
01.05.25 15:31;Donnerstag;241;Ziege;1;366;Matcha Kuchen;88;;;;;;;;;;;;;;;;
01.05.25 15:32;Donnerstag;242;Reh;1,5;367;Kaffee Americano;2;;;;;;;;;;;;;;;;
01.05.25 15:32;Donnerstag;242;Reh;1;368;Matcha Kuchen;88;;;;;;;;;;;;;;;;
01.05.25 15:33;Donnerstag;243;Lama;1,5;369;Latte Macchiato;4;;;;;;;;;;;;;;;;
01.05.25 15:33;Donnerstag;243;Lama;1,5;370;Latte Macchiato;4;;;;;;;;;;;;;;;;
01.05.25 15:37;Donnerstag;244;Hummel;1,5;371;Kaffee Americano;2;;;;;;;;;;;;;;;;
01.05.25 15:37;Donnerstag;245;Katze;1,5;372;Kaffee Americano;2;;;;;;;;;;;;;;;;
01.05.25 15:38;Donnerstag;246;Biene;1,5;373;Latte Macchiato;4;;;;;;;;;;;;;;;;
01.05.25 15:43;Donnerstag;247;Igel;1,5;374;Kaffee Americano;2;;;;;;;;;;;;;;;;
01.05.25 15:43;Donnerstag;247;Igel;1;375;Matcha Kuchen;88;;;;;;;;;;;;;;;;
01.05.25 15:45;Donnerstag;248;Katze;1;376;Focaccia;90;;;;;;;;;;;;;;;;
01.05.25 15:45;Donnerstag;248;Katze;1;377;Focaccia;90;;;;;;;;;;;;;;;;
01.05.25 15:48;Donnerstag;249;Lachs;1,5;378;Espresso;1;;;;;;;;;;;;;;;;
01.05.25 15:48;Donnerstag;249;Lachs;1,5;379;Espresso;1;;;;;;;;;;;;;;;;
01.05.25 15:49;Donnerstag;250;Huhn;1;380;Matcha Kuchen;88;;;;;;;;;;;;;;;;
01.05.25 15:49;Donnerstag;251;Pferd;2;381;Espresso Tonic;12;;;;;;;;;;;;;;;;
01.05.25 15:51;Donnerstag;252;Lama;2;382;Espresso Tonic;12;;;;;;;;;;;;;;;;
01.05.25 15:52;Donnerstag;253;Biene;1;383;Bergkräuter Minze;7;;;;;;;;;;;;;;;;
01.05.25 15:52;Donnerstag;253;Biene;1;384;Focaccia;90;;;;;;;;;;;;;;;;
01.05.25 15:53;Donnerstag;254;Reh;2;385;Espresso Tonic;12;;;;;;;;;;;;;;;;
01.05.25 15:53;Donnerstag;254;Reh;1;386;Matcha Kuchen;88;;;;;;;;;;;;;;;;
01.05.25 15:53;Donnerstag;255;Huhn;2;387;Espresso Tonic;12;;;;;;;;;;;;;;;;
01.05.25 15:54;Donnerstag;256;Katze;1;388;Matcha Kuchen;88;;;;;;;;;;;;;;;;
01.05.25 15:54;Donnerstag;256;Katze;1,5;389;Kaffee Americano;2;;;;;;;;;;;;;;;;
01.05.25 15:55;Donnerstag;257;Ziege;1,5;390;Cappucino;3;;;;;;;;;;;;;;;;
01.05.25 15:55;Donnerstag;257;Ziege;1,5;391;Latte Macchiato;4;;;;;;;;;;;;;;;;
01.05.25 15:56;Donnerstag;258;Hummel;1,5;392;Kaffee Americano;2;;;;;;;;;;;;;;;;
01.05.25 15:58;Donnerstag;259;Schaf;1,5;393;Kaffee Americano;2;;;;;;;;;;;;;;;;
01.05.25 15:59;Donnerstag;260;Delfin;1;394;Dajeeling;10;;;;;;;;;;;;;;;;
01.05.25 15:59;Donnerstag;260;Delfin;1;395;Dajeeling;10;;;;;;;;;;;;;;;;
01.05.25 16:00;Donnerstag;261;Maus;1,5;396;Kaffee Americano;2;;;;;;;;;;;;;;;;
01.05.25 16:01;Donnerstag;262;Igel;1;397;Bergkräuter Minze;7;;;;;;;;;;;;;;;;
01.05.25 16:01;Donnerstag;262;Igel;1;398;Bergkräuter Minze;7;;;;;;;;;;;;;;;;
01.05.25 16:01;Donnerstag;262;Igel;1;399;Hibiskus;8;;;;;;;;;;;;;;;;
01.05.25 16:01;Donnerstag;263;Lachs;1,5;400;Cappucino;3;;;;;;;;;;;;;;;;
01.05.25 16:02;Donnerstag;264;Reh;1,5;401;Cappucino;3;;;;;;;;;;;;;;;;
01.05.25 16:04;Donnerstag;265;Huhn;2;402;Espresso Tonic;12;;;;;;;;;;;;;;;;
01.05.25 16:04;Donnerstag;265;Huhn;2;403;Espresso Tonic;12;;;;;;;;;;;;;;;;
01.05.25 16:05;Donnerstag;266;Ungarn;1;404;Focaccia;90;;;;;;;;;;;;;;;;
01.05.25 16:06;Donnerstag;267;Schweiz;2;405;Espresso Tonic;12;;;;;;;;;;;;;;;;
01.05.25 16:11;Donnerstag;268;Schweden;1;406;Matcha Kuchen;88;;;;;;;;;;;;;;;;
01.05.25 16:11;Donnerstag;268;Schweden;1,5;407;Latte Macchiato;4;;;;;;;;;;;;;;;;
01.05.25 16:11;Donnerstag;268;Schweden;1,5;408;Latte Macchiato;4;;;;;;;;;;;;;;;;
01.05.25 16:19;Donnerstag;269;Norwegen;1,5;409;Latte Macchiato;4;;;;;;;;;;;;;;;;
01.05.25 16:20;Donnerstag;270;Finnland;1,5;410;Cappucino;3;;;;;;;;;;;;;;;;
01.05.25 16:20;Donnerstag;271;Frankreich;1,5;411;Cappucino;3;;;;;;;;;;;;;;;;
01.05.25 16:24;Donnerstag;272;Spanien;1,5;412;Cappucino;3;;;;;;;;;;;;;;;;
01.05.25 16:24;Donnerstag;272;Spanien;1,5;413;Cappucino;3;;;;;;;;;;;;;;;;
01.05.25 16:32;Donnerstag;273;Norwegen;1,5;414;Latte Macchiato;4;;;;;;;;;;;;;;;;
01.05.25 16:34;Donnerstag;274;Schweden;2;415;Espresso Tonic;12;;;;;;;;;;;;;;;;
01.05.25 16:35;Donnerstag;275;Ungarn;1,5;416;Kaffee Americano;2;;;;;;;;;;;;;;;;
01.05.25 16:36;Donnerstag;276;Schweiz;1,5;417;Cappucino;3;;;;;;;;;;;;;;;;
01.05.25 16:36;Donnerstag;276;Schweiz;1,5;418;Kaffee Americano;2;;;;;;;;;;;;;;;;
01.05.25 16:36;Donnerstag;277;Dänemark;2;419;Espresso Tonic;12;;;;;;;;;;;;;;;;
01.05.25 16:49;Donnerstag;278;England;1,5;420;Cappucino;3;;;;;;;;;;;;;;;;
01.05.25 16:49;Donnerstag;278;England;1,5;421;Cappucino;3;;;;;;;;;;;;;;;;
01.05.25 16:49;Donnerstag;278;England;1,5;422;Cappucino;3;;;;;;;;;;;;;;;;
01.05.25 16:58;Donnerstag;279;Italien;1,5;423;Latte Macchiato;4;;;;;;;;;;;;;;;;
01.05.25 16:59;Donnerstag;280;Kroatien;1,5;424;Kaffee Americano;2;;;;;;;;;;;;;;;;
01.05.25 16:59;Donnerstag;280;Kroatien;1;425;Focaccia;90;;;;;;;;;;;;;;;;
01.05.25 17:00;Donnerstag;281;Polen;1,5;426;Kaffee Americano;2;;;;;;;;;;;;;;;;
01.05.25 17:00;Donnerstag;281;Polen;1;427;Focaccia;90;;;;;;;;;;;;;;;;
01.05.25 17:03;Donnerstag;282;Finnland;1,5;428;Cappucino;3;;;;;;;;;;;;;;;;
01.05.25 17:04;Donnerstag;283;Moldau;1,5;429;Latte Macchiato;4;;;;;;;;;;;;;;;;
01.05.25 17:06;Donnerstag;284;Schaf;2;430;Espresso Tonic;12;;;;;;;;;;;;;;;;
01.05.25 17:09;Donnerstag;285;Pferd;1;431;Focaccia;90;;;;;;;;;;;;;;;;
01.05.25 17:18;Donnerstag;286;Igel;1,5;432;Cappucino;3;;;;;;;;;;;;;;;;
01.05.25 17:21;Donnerstag;287;Delfin;2;433;Espresso Tonic;12;;;;;;;;;;;;;;;;
01.05.25 17:21;Donnerstag;287;Delfin;1,5;434;Cappucino;3;;;;;;;;;;;;;;;;
01.05.25 17:21;Donnerstag;287;Delfin;1,5;435;Cappucino;3;;;;;;;;;;;;;;;;
01.05.25 17:24;Donnerstag;288;Biene;1,5;436;Latte Macchiato;4;;;;;;;;;;;;;;;;
01.05.25 17:24;Donnerstag;288;Biene;1,5;437;Latte Macchiato;4;;;;;;;;;;;;;;;;
01.05.25 17:24;Donnerstag;288;Biene;1,5;438;Latte Macchiato;4;;;;;;;;;;;;;;;;
01.05.25 17:26;Donnerstag;289;Maus;1,5;439;Latte Macchiato;4;;;;;;;;;;;;;;;;
01.05.25 17:26;Donnerstag;289;Maus;1,5;440;Latte Macchiato;4;;;;;;;;;;;;;;;;
01.05.25 17:27;Donnerstag;290;Katze;1,5;441;Cappucino;3;;;;;;;;;;;;;;;;
01.05.25 17:27;Donnerstag;290;Katze;1;442;Focaccia;90;;;;;;;;;;;;;;;;
01.05.25 17:28;Donnerstag;291;Ziege;1;443;Focaccia;90;;;;;;;;;;;;;;;;
01.05.25 17:29;Donnerstag;292;Reh;1,5;444;Latte Macchiato;4;;;;;;;;;;;;;;;;
01.05.25 17:31;Donnerstag;293;Lachs;1,5;445;Cappucino;3;;;;;;;;;;;;;;;;
01.05.25 17:37;Donnerstag;294;Biene;1,5;446;Latte Macchiato;4;;;;;;;;;;;;;;;;
01.05.25 17:41;Donnerstag;295;Delfin;1,5;447;Latte Macchiato;4;;;;;;;;;;;;;;;;
01.05.25 17:41;Donnerstag;295;Delfin;1,5;448;Latte Macchiato;4;;;;;;;;;;;;;;;;
01.05.25 17:41;Donnerstag;295;Delfin;1,5;449;Latte Macchiato;4;;;;;;;;;;;;;;;;
02.05.25 10:03;Freitag;296;Finnland;1,5;450;Kaffee Americano;2;;;;;;;;;;;;;;;;
02.05.25 10:31;Freitag;297;Wiesel;1,5;451;Cappucino;3;;;;;;;;;;;;;;;;
02.05.25 10:33;Freitag;298;Lachs;1,5;452;Kaffee Americano;2;;;;;;;;;;;;;;;;
02.05.25 10:33;Freitag;298;Lachs;1,5;453;Kaffee Americano;2;;;;;;;;;;;;;;;;
02.05.25 10:35;Freitag;299;Biene;1,5;454;Kaffee Americano;2;;;;;;;;;;;;;;;;
02.05.25 10:40;Freitag;300;Ziege;1,5;455;Kaffee Americano;2;;;;;;;;;;;;;;;;
02.05.25 10:40;Freitag;300;Ziege;1,5;456;Latte Macchiato;4;;;;;;;;;;;;;;;;
02.05.25 10:41;Freitag;301;Igel;1,5;457;Kaffee Americano;2;;;;;;;;;;;;;;;;
02.05.25 10:41;Freitag;301;Igel;1,5;458;Latte Macchiato;4;;;;;;;;;;;;;;;;
02.05.25 10:45;Freitag;302;Huhn;1,5;459;Kaffee Americano;2;;;;;;;;;;;;;;;;
02.05.25 10:48;Freitag;303;Pferd;1,5;460;Kaffee Americano;2;;;;;;;;;;;;;;;;
02.05.25 10:51;Freitag;304;Reh;1,5;461;Kaffee Americano;2;;;;;;;;;;;;;;;;
02.05.25 10:51;Freitag;304;Reh;1,5;462;Kaffee Americano;2;;;;;;;;;;;;;;;;
02.05.25 10:57;Freitag;305;Lama;1,5;463;Cappucino;3;;;;;;;;;;;;;;;;
02.05.25 10:57;Freitag;305;Lama;1,5;464;Cappucino;3;;;;;;;;;;;;;;;;
02.05.25 10:58;Freitag;306;Maus;1;465;Grüner Tee Sencha;6;;;;;;;;;;;;;;;;
02.05.25 11:01;Freitag;307;Wiesel;1,5;466;Kaffee Americano;2;;;;;;;;;;;;;;;;
02.05.25 11:02;Freitag;308;Biene;1,5;467;Cappucino;3;;;;;;;;;;;;;;;;
02.05.25 11:02;Freitag;308;Biene;1,5;468;Latte Macchiato;4;;;;;;;;;;;;;;;;
02.05.25 11:17;Freitag;309;Lachs;1,5;469;Latte Macchiato;4;;;;;;;;;;;;;;;;
02.05.25 11:22;Freitag;310;Katze;1,5;470;Cappucino;3;;;;;;;;;;;;;;;;
02.05.25 11:24;Freitag;311;Igel;1,5;471;Cappucino;3;;;;;;;;;;;;;;;;
02.05.25 11:24;Freitag;311;Igel;1,5;472;Espresso;1;;;;;;;;;;;;;;;;
02.05.25 11:35;Freitag;312;Igel;1,5;473;Cappucino;3;;;;;;;;;;;;;;;;
02.05.25 11:35;Freitag;312;Igel;1,5;474;Cappucino;3;;;;;;;;;;;;;;;;
02.05.25 11:35;Freitag;312;Igel;1,5;475;Cappucino;3;;;;;;;;;;;;;;;;
02.05.25 11:35;Freitag;312;Igel;0,5;476;ToGo Pfand;93;;;;;;;;;;;;;;;;
02.05.25 11:35;Freitag;312;Igel;0,5;477;ToGo Pfand;93;;;;;;;;;;;;;;;;
02.05.25 11:35;Freitag;312;Igel;0,5;478;ToGo Pfand;93;;;;;;;;;;;;;;;;
02.05.25 11:38;Freitag;313;Lachs;1,5;479;Kaffee Americano;2;;;;;;;;;;;;;;;;
02.05.25 11:39;Freitag;314;Wiesel;1,5;480;Cappucino;3;;;;;;;;;;;;;;;;
02.05.25 11:39;Freitag;314;Wiesel;1,5;481;Cappucino;3;;;;;;;;;;;;;;;;
02.05.25 11:48;Freitag;315;Biene;1,5;482;Kaffee Americano;2;;;;;;;;;;;;;;;;
02.05.25 11:52;Freitag;316;Biene;1,5;483;Kaffee Americano;2;;;;;;;;;;;;;;;;
02.05.25 12:06;Freitag;317;Maus;1,5;484;Cappucino;3;;;;;;;;;;;;;;;;
02.05.25 12:06;Freitag;317;Maus;1;485;Focaccia;90;;;;;;;;;;;;;;;;
02.05.25 12:07;Freitag;318;Wiesel;1,5;486;Kaffee Americano;2;;;;;;;;;;;;;;;;
02.05.25 12:08;Freitag;319;Lachs;2;487;Espresso Tonic;12;;;;;;;;;;;;;;;;
02.05.25 12:08;Freitag;320;Igel;1;488;Focaccia;90;;;;;;;;;;;;;;;;
02.05.25 12:08;Freitag;320;Igel;1;489;Focaccia;90;;;;;;;;;;;;;;;;
02.05.25 12:08;Freitag;320;Igel;1;490;Focaccia;90;;;;;;;;;;;;;;;;
02.05.25 12:11;Freitag;321;Ziege;1,5;491;Kaffee Americano;2;;;;;;;;;;;;;;;;
02.05.25 12:11;Freitag;322;Pferd;1,5;492;Cappucino;3;;;;;;;;;;;;;;;;
02.05.25 12:13;Freitag;323;Reh;1,5;493;Kaffee Americano;2;;;;;;;;;;;;;;;;
02.05.25 12:16;Freitag;324;Lama;1;494;Dajeeling;10;;;;;;;;;;;;;;;;
02.05.25 12:16;Freitag;324;Lama;1,5;495;Kaffee Americano;2;;;;;;;;;;;;;;;;
02.05.25 12:17;Freitag;325;Katze;1,5;496;Latte Macchiato;4;;;;;;;;;;;;;;;;
02.05.25 12:17;Freitag;326;Huhn;1,5;497;Cappucino;3;;;;;;;;;;;;;;;;
02.05.25 12:19;Freitag;327;Biene;2;498;Espresso Tonic;12;;;;;;;;;;;;;;;;
02.05.25 12:19;Freitag;327;Biene;2;499;Espresso Tonic;12;;;;;;;;;;;;;;;;
02.05.25 12:19;Freitag;327;Biene;0,5;500;ToGo Pfand;93;;;;;;;;;;;;;;;;
02.05.25 12:19;Freitag;327;Biene;0,5;501;ToGo Pfand;93;;;;;;;;;;;;;;;;
02.05.25 12:25;Freitag;328;Igel;2;502;Espresso Tonic;12;;;;;;;;;;;;;;;;
02.05.25 12:25;Freitag;328;Igel;2;503;Espresso Tonic;12;;;;;;;;;;;;;;;;
02.05.25 12:25;Freitag;328;Igel;1,5;504;Cappucino;3;;;;;;;;;;;;;;;;
02.05.25 12:25;Freitag;328;Igel;1;505;Bergkräuter Minze;7;;;;;;;;;;;;;;;;
02.05.25 12:25;Freitag;328;Igel;1;506;Earl Grey;9;;;;;;;;;;;;;;;;
02.05.25 12:28;Freitag;329;Lachs;1;507;Bergkräuter Minze;7;;;;;;;;;;;;;;;;
02.05.25 12:47;Freitag;330;Katze;1,5;508;Cappucino;3;;;;;;;;;;;;;;;;
02.05.25 12:52;Freitag;331;Wiesel;1,5;509;Latte Macchiato;4;;;;;;;;;;;;;;;;
02.05.25 12:53;Freitag;332;Maus;1,5;510;Latte Macchiato;4;;;;;;;;;;;;;;;;
02.05.25 12:59;Freitag;333;Pferd;1;511;Focaccia;90;;;;;;;;;;;;;;;;
02.05.25 13:00;Freitag;334;Ziege;1,5;512;Cappucino;3;;;;;;;;;;;;;;;;
02.05.25 13:01;Freitag;335;Lama;1,5;513;Cappucino;3;;;;;;;;;;;;;;;;
02.05.25 13:01;Freitag;336;Huhn;1;514;Focaccia;90;;;;;;;;;;;;;;;;
02.05.25 13:01;Freitag;336;Huhn;1;515;Focaccia;90;;;;;;;;;;;;;;;;
02.05.25 13:11;Freitag;337;Pferd;1,5;516;Kaffee Americano;2;;;;;;;;;;;;;;;;
02.05.25 13:13;Freitag;338;Huhn;1,5;517;Espresso;1;;;;;;;;;;;;;;;;
02.05.25 13:14;Freitag;339;Reh;1,5;518;Kaffee Americano;2;;;;;;;;;;;;;;;;
02.05.25 13:15;Freitag;340;Biene;1,5;519;Latte Macchiato;4;;;;;;;;;;;;;;;;
02.05.25 13:16;Freitag;341;Igel;1,5;520;Latte Macchiato;4;;;;;;;;;;;;;;;;
02.05.25 13:18;Freitag;342;Reh;1;521;Bergkräuter Minze;7;;;;;;;;;;;;;;;;
02.05.25 13:22;Freitag;343;Igel;1,5;522;Kaffee Americano;2;;;;;;;;;;;;;;;;
02.05.25 13:24;Freitag;344;Biene;1,5;523;Cappucino;3;;;;;;;;;;;;;;;;
02.05.25 13:25;Freitag;345;Huhn;1,5;524;Latte Macchiato;4;;;;;;;;;;;;;;;;
02.05.25 13:25;Freitag;345;Huhn;1,5;525;Cappucino;3;;;;;;;;;;;;;;;;
02.05.25 13:28;Freitag;346;Pferd;1,5;526;Latte Macchiato;4;;;;;;;;;;;;;;;;
02.05.25 13:28;Freitag;347;Lachs;1,5;527;Latte Macchiato;4;;;;;;;;;;;;;;;;
02.05.25 13:30;Freitag;348;Maus;1,5;528;Latte Macchiato;4;;;;;;;;;;;;;;;;
02.05.25 13:30;Freitag;349;Wiesel;1,5;529;Cappucino;3;;;;;;;;;;;;;;;;
02.05.25 13:31;Freitag;350;Igel;1;530;Hibiskus;8;;;;;;;;;;;;;;;;
02.05.25 13:31;Freitag;350;Igel;1,5;531;Latte Macchiato;4;;;;;;;;;;;;;;;;
02.05.25 13:34;Freitag;351;Biene;2;532;Espresso Tonic;12;;;;;;;;;;;;;;;;
02.05.25 13:36;Freitag;352;Huhn;1,5;533;Cappucino;3;;;;;;;;;;;;;;;;
02.05.25 13:36;Freitag;352;Huhn;1,5;534;Cappucino;3;;;;;;;;;;;;;;;;
02.05.25 13:38;Freitag;353;Katze;1,5;535;Cappucino;3;;;;;;;;;;;;;;;;
02.05.25 13:38;Freitag;353;Katze;1,5;536;Cappucino;3;;;;;;;;;;;;;;;;
02.05.25 13:38;Freitag;353;Katze;1;537;Earl Grey;9;;;;;;;;;;;;;;;;
02.05.25 13:38;Freitag;353;Katze;1,5;538;Cappucino;3;;;;;;;;;;;;;;;;
02.05.25 13:39;Freitag;354;Biene;1,5;539;Cappucino;3;;;;;;;;;;;;;;;;
02.05.25 13:39;Freitag;354;Biene;1;540;Matcha Kuchen;88;;;;;;;;;;;;;;;;
02.05.25 13:43;Freitag;355;Maus;1,5;541;Espresso;1;;;;;;;;;;;;;;;;
02.05.25 13:48;Freitag;356;Lachs;1,5;542;Cappucino;3;;;;;;;;;;;;;;;;
02.05.25 13:48;Freitag;356;Lachs;1,5;543;Cappucino;3;;;;;;;;;;;;;;;;
02.05.25 13:48;Freitag;356;Lachs;1,5;544;Cappucino;3;;;;;;;;;;;;;;;;
02.05.25 13:48;Freitag;356;Lachs;1;545;Matcha Kuchen;88;;;;;;;;;;;;;;;;
02.05.25 13:49;Freitag;357;Huhn;1,5;546;Cappucino;3;;;;;;;;;;;;;;;;
02.05.25 13:53;Freitag;358;Igel;1,5;547;Kaffee Americano;2;;;;;;;;;;;;;;;;
02.05.25 13:53;Freitag;359;Ziege;1;548;Matcha Kuchen;88;;;;;;;;;;;;;;;;
02.05.25 13:54;Freitag;360;Lama;1;549;Matcha Kuchen;88;;;;;;;;;;;;;;;;
02.05.25 13:59;Freitag;361;Wiesel;1;550;Matcha Kuchen;88;;;;;;;;;;;;;;;;
02.05.25 14:00;Freitag;362;Pferd;1;551;Earl Grey;9;;;;;;;;;;;;;;;;
02.05.25 14:00;Freitag;362;Pferd;1;552;Matcha Kuchen;88;;;;;;;;;;;;;;;;
02.05.25 14:02;Freitag;363;Reh;1,5;553;Cappucino;3;;;;;;;;;;;;;;;;
02.05.25 14:05;Freitag;364;Lama;1,5;554;Cappucino;3;;;;;;;;;;;;;;;;
02.05.25 14:05;Freitag;364;Lama;1,5;555;Cappucino;3;;;;;;;;;;;;;;;;
02.05.25 14:07;Freitag;365;Huhn;1;556;Matcha Kuchen;88;;;;;;;;;;;;;;;;
02.05.25 14:07;Freitag;365;Huhn;1;557;Schoko Kuchen;89;;;;;;;;;;;;;;;;
02.05.25 14:08;Freitag;366;Ziege;1,5;558;Latte Macchiato;4;;;;;;;;;;;;;;;;
02.05.25 14:15;Freitag;367;Lachs;1,5;559;Espresso;1;;;;;;;;;;;;;;;;
02.05.25 14:17;Freitag;368;Ziege;1;560;Schoko Kuchen;89;;;;;;;;;;;;;;;;
02.05.25 14:17;Freitag;368;Ziege;1,5;561;Cappucino;3;;;;;;;;;;;;;;;;
02.05.25 14:18;Freitag;369;Huhn;1;562;Schoko Kuchen;89;;;;;;;;;;;;;;;;
02.05.25 14:19;Freitag;370;Lama;1,5;563;Cappucino;3;;;;;;;;;;;;;;;;
02.05.25 14:19;Freitag;370;Lama;1,5;564;Cappucino;3;;;;;;;;;;;;;;;;
02.05.25 14:19;Freitag;371;Lachs;1,5;565;Cappucino;3;;;;;;;;;;;;;;;;
02.05.25 14:19;Freitag;371;Lachs;1;566;Schoko Kuchen;89;;;;;;;;;;;;;;;;
02.05.25 14:21;Freitag;372;Igel;1,5;567;Cappucino;3;;;;;;;;;;;;;;;;
02.05.25 14:22;Freitag;373;Katze;1,5;568;Cappucino;3;;;;;;;;;;;;;;;;
02.05.25 14:22;Freitag;373;Katze;0,5;569;ToGo Pfand;93;;;;;;;;;;;;;;;;
02.05.25 14:23;Freitag;374;Biene;1,5;570;Cappucino;3;;;;;;;;;;;;;;;;
02.05.25 14:23;Freitag;374;Biene;1,5;571;Cappucino;3;;;;;;;;;;;;;;;;
02.05.25 14:23;Freitag;374;Biene;1,5;572;Cappucino;3;;;;;;;;;;;;;;;;
02.05.25 14:23;Freitag;374;Biene;1;573;Matcha Kuchen;88;;;;;;;;;;;;;;;;
02.05.25 14:24;Freitag;375;Maus;1,5;574;Latte Macchiato;4;;;;;;;;;;;;;;;;
02.05.25 14:24;Freitag;376;Wiesel;2;575;Espresso Tonic;12;;;;;;;;;;;;;;;;
02.05.25 14:24;Freitag;376;Wiesel;1;576;Matcha Kuchen;88;;;;;;;;;;;;;;;;
02.05.25 14:25;Freitag;377;Reh;1;577;Schoko Kuchen;89;;;;;;;;;;;;;;;;
02.05.25 14:26;Freitag;378;Pferd;1,5;578;Cappucino;3;;;;;;;;;;;;;;;;
02.05.25 14:26;Freitag;378;Pferd;0,5;579;ToGo Pfand;93;;;;;;;;;;;;;;;;
02.05.25 14:27;Freitag;379;Ziege;1,5;580;Cappucino;3;;;;;;;;;;;;;;;;
02.05.25 14:27;Freitag;379;Ziege;1;581;Schoko Kuchen;89;;;;;;;;;;;;;;;;
02.05.25 14:29;Freitag;380;Dänemark;1,5;582;Cappucino;3;;;;;;;;;;;;;;;;
02.05.25 14:29;Freitag;380;Dänemark;1,5;583;Cappucino;3;;;;;;;;;;;;;;;;
02.05.25 14:29;Freitag;380;Dänemark;1,5;584;Cappucino;3;;;;;;;;;;;;;;;;
02.05.25 14:29;Freitag;380;Dänemark;2;585;Espresso Tonic;12;;;;;;;;;;;;;;;;
02.05.25 14:29;Freitag;380;Dänemark;1;586;Matcha Kuchen;88;;;;;;;;;;;;;;;;
02.05.25 14:29;Freitag;380;Dänemark;1;587;Schoko Kuchen;89;;;;;;;;;;;;;;;;
02.05.25 14:29;Freitag;380;Dänemark;0,5;588;ToGo Pfand;93;;;;;;;;;;;;;;;;
02.05.25 14:29;Freitag;380;Dänemark;0,5;589;ToGo Pfand;93;;;;;;;;;;;;;;;;
02.05.25 14:29;Freitag;380;Dänemark;0,5;590;ToGo Pfand;93;;;;;;;;;;;;;;;;
02.05.25 14:32;Freitag;381;Polen;1;591;Focaccia;90;;;;;;;;;;;;;;;;
02.05.25 14:32;Freitag;381;Polen;1,5;592;Kaffee Americano;2;;;;;;;;;;;;;;;;
02.05.25 14:33;Freitag;382;Finnland;1;593;Schoko Kuchen;89;;;;;;;;;;;;;;;;
02.05.25 14:36;Freitag;383;Ungarn;1,5;594;Cappucino;3;;;;;;;;;;;;;;;;
02.05.25 14:36;Freitag;383;Ungarn;1,5;595;Cappucino;3;;;;;;;;;;;;;;;;
02.05.25 14:36;Freitag;383;Ungarn;1;596;Matcha Kuchen;88;;;;;;;;;;;;;;;;
02.05.25 14:38;Freitag;384;Schweiz;1,5;597;Cappucino;3;;;;;;;;;;;;;;;;
02.05.25 14:38;Freitag;384;Schweiz;1;598;Matcha Kuchen;88;;;;;;;;;;;;;;;;
02.05.25 14:39;Freitag;385;Schweden;1,5;599;Kaffee Americano;2;;;;;;;;;;;;;;;;
02.05.25 14:40;Freitag;386;Norwegen;1,5;600;Latte Macchiato;4;;;;;;;;;;;;;;;;
02.05.25 14:40;Freitag;386;Norwegen;1,5;601;Latte Macchiato;4;;;;;;;;;;;;;;;;
02.05.25 14:40;Freitag;386;Norwegen;1,5;602;Latte Macchiato;4;;;;;;;;;;;;;;;;
02.05.25 14:40;Freitag;386;Norwegen;1,5;603;Latte Macchiato;4;;;;;;;;;;;;;;;;
02.05.25 14:40;Freitag;386;Norwegen;0,5;604;ToGo Pfand;93;;;;;;;;;;;;;;;;
02.05.25 14:40;Freitag;386;Norwegen;0,5;605;ToGo Pfand;93;;;;;;;;;;;;;;;;
02.05.25 14:40;Freitag;386;Norwegen;0,5;606;ToGo Pfand;93;;;;;;;;;;;;;;;;
02.05.25 14:40;Freitag;386;Norwegen;0,5;607;ToGo Pfand;93;;;;;;;;;;;;;;;;
02.05.25 14:41;Freitag;387;Spanien;2;608;Espresso Tonic;12;;;;;;;;;;;;;;;;
02.05.25 14:41;Freitag;387;Spanien;0,5;609;ToGo Pfand;93;;;;;;;;;;;;;;;;
02.05.25 14:41;Freitag;387;Spanien;1;610;Matcha Kuchen;88;;;;;;;;;;;;;;;;
02.05.25 14:42;Freitag;388;Frankreich;1,5;611;Cappucino;3;;;;;;;;;;;;;;;;
02.05.25 14:42;Freitag;388;Frankreich;1;612;Focaccia;90;;;;;;;;;;;;;;;;
02.05.25 14:43;Freitag;389;Moldau;2;613;Espresso Tonic;12;;;;;;;;;;;;;;;;
02.05.25 14:44;Freitag;390;Kroatien;1,5;614;Cappucino;3;;;;;;;;;;;;;;;;
02.05.25 14:45;Freitag;391;Italien;1,5;615;Latte Macchiato;4;;;;;;;;;;;;;;;;
02.05.25 14:45;Freitag;391;Italien;1;616;Schoko Kuchen;89;;;;;;;;;;;;;;;;
02.05.25 14:45;Freitag;391;Italien;1,5;617;Latte Macchiato;4;;;;;;;;;;;;;;;;
02.05.25 14:45;Freitag;391;Italien;1;618;Matcha Kuchen;88;;;;;;;;;;;;;;;;
02.05.25 14:45;Freitag;391;Italien;1,5;619;Kaffee Americano;2;;;;;;;;;;;;;;;;
02.05.25 14:46;Freitag;392;Schweiz;1,5;620;Latte Macchiato;4;;;;;;;;;;;;;;;;
02.05.25 14:46;Freitag;392;Schweiz;1,5;621;Latte Macchiato;4;;;;;;;;;;;;;;;;
02.05.25 14:48;Freitag;393;Ungarn;1;622;Matcha Kuchen;88;;;;;;;;;;;;;;;;
02.05.25 14:48;Freitag;394;Finnland;1,5;623;Cappucino;3;;;;;;;;;;;;;;;;
02.05.25 14:48;Freitag;394;Finnland;1,5;624;Cappucino;3;;;;;;;;;;;;;;;;
02.05.25 14:52;Freitag;395;Polen;1,5;625;Kaffee Americano;2;;;;;;;;;;;;;;;;
02.05.25 14:52;Freitag;395;Polen;1,5;626;Kaffee Americano;2;;;;;;;;;;;;;;;;
02.05.25 14:52;Freitag;395;Polen;1,5;627;Cappucino;3;;;;;;;;;;;;;;;;
02.05.25 14:52;Freitag;395;Polen;1,5;628;Cappucino;3;;;;;;;;;;;;;;;;
02.05.25 14:52;Freitag;395;Polen;0,5;629;ToGo Pfand;93;;;;;;;;;;;;;;;;
02.05.25 14:52;Freitag;395;Polen;0,5;630;ToGo Pfand;93;;;;;;;;;;;;;;;;
02.05.25 14:52;Freitag;395;Polen;0,5;631;ToGo Pfand;93;;;;;;;;;;;;;;;;
02.05.25 14:54;Freitag;396;Dänemark;1,5;632;Cappucino;3;;;;;;;;;;;;;;;;
02.05.25 14:54;Freitag;396;Dänemark;1,5;633;Kaffee Americano;2;;;;;;;;;;;;;;;;
02.05.25 14:54;Freitag;396;Dänemark;1,5;634;Cappucino;3;;;;;;;;;;;;;;;;
02.05.25 14:54;Freitag;397;Ziege;1,5;635;Cappucino;3;;;;;;;;;;;;;;;;
02.05.25 14:54;Freitag;397;Ziege;1,5;636;Cappucino;3;;;;;;;;;;;;;;;;
02.05.25 15:00;Freitag;398;Ungarn;1,5;637;Latte Macchiato;4;;;;;;;;;;;;;;;;
02.05.25 15:00;Freitag;398;Ungarn;1;638;Matcha Kuchen;88;;;;;;;;;;;;;;;;
02.05.25 15:01;Freitag;399;Huhn;1,5;639;Cappucino;3;;;;;;;;;;;;;;;;
02.05.25 15:01;Freitag;399;Huhn;1,5;640;Espresso;1;;;;;;;;;;;;;;;;
02.05.25 15:02;Freitag;400;Lachs;1,5;641;Cappucino;3;;;;;;;;;;;;;;;;
02.05.25 15:02;Freitag;400;Lachs;1;642;Matcha Kuchen;88;;;;;;;;;;;;;;;;
02.05.25 15:03;Freitag;401;Hummel;1,5;643;Cappucino;3;;;;;;;;;;;;;;;;
02.05.25 15:03;Freitag;401;Hummel;1;644;Matcha Kuchen;88;;;;;;;;;;;;;;;;
02.05.25 15:03;Freitag;401;Hummel;1,5;645;Cappucino;3;;;;;;;;;;;;;;;;
02.05.25 15:04;Freitag;402;Schaf;1,5;646;Cappucino;3;;;;;;;;;;;;;;;;
02.05.25 15:04;Freitag;402;Schaf;1;647;Schoko Kuchen;89;;;;;;;;;;;;;;;;
02.05.25 15:04;Freitag;403;Reh;1;648;Matcha Kuchen;88;;;;;;;;;;;;;;;;
02.05.25 15:04;Freitag;403;Reh;1,5;649;Cappucino;3;;;;;;;;;;;;;;;;
02.05.25 15:06;Freitag;404;Maus;1;650;Matcha Kuchen;88;;;;;;;;;;;;;;;;
02.05.25 15:06;Freitag;404;Maus;1;651;Matcha Kuchen;88;;;;;;;;;;;;;;;;
02.05.25 15:06;Freitag;404;Maus;1,5;652;Latte Macchiato;4;;;;;;;;;;;;;;;;
02.05.25 15:06;Freitag;404;Maus;1,5;653;Kaffee Americano;2;;;;;;;;;;;;;;;;
02.05.25 15:06;Freitag;405;Biene;1,5;654;Latte Macchiato;4;;;;;;;;;;;;;;;;
02.05.25 15:06;Freitag;405;Biene;1;655;Schoko Kuchen;89;;;;;;;;;;;;;;;;
02.05.25 15:06;Freitag;405;Biene;1;656;Matcha Kuchen;88;;;;;;;;;;;;;;;;
02.05.25 15:08;Freitag;406;Katze;1,5;657;Kaffee Americano;2;;;;;;;;;;;;;;;;
02.05.25 15:09;Freitag;407;Lama;1,5;658;Cappucino;3;;;;;;;;;;;;;;;;
02.05.25 15:09;Freitag;407;Lama;1;659;Schoko Kuchen;89;;;;;;;;;;;;;;;;
02.05.25 15:10;Freitag;408;Igel;1,5;660;Cappucino;3;;;;;;;;;;;;;;;;
02.05.25 15:12;Freitag;409;Wiesel;1,5;661;Cappucino;3;;;;;;;;;;;;;;;;
02.05.25 15:13;Freitag;410;Ziege;2;662;Espresso Tonic;12;;;;;;;;;;;;;;;;
02.05.25 15:13;Freitag;410;Ziege;2;663;Espresso Tonic;12;;;;;;;;;;;;;;;;
02.05.25 15:13;Freitag;410;Ziege;1;664;Schoko Kuchen;89;;;;;;;;;;;;;;;;
02.05.25 15:13;Freitag;411;Lachs;1,5;665;Cappucino;3;;;;;;;;;;;;;;;;
02.05.25 15:13;Freitag;411;Lachs;1;666;Schoko Kuchen;89;;;;;;;;;;;;;;;;
02.05.25 15:14;Freitag;412;Huhn;1,5;667;Latte Macchiato;4;;;;;;;;;;;;;;;;
02.05.25 15:14;Freitag;413;Pferd;2;668;Espresso Tonic;12;;;;;;;;;;;;;;;;
02.05.25 15:15;Freitag;414;Serbien;1,5;669;Latte Macchiato;4;;;;;;;;;;;;;;;;
02.05.25 15:17;Freitag;415;Reh;1,5;670;Cappucino;3;;;;;;;;;;;;;;;;
02.05.25 15:18;Freitag;416;Hummel;1;671;Schoko Kuchen;89;;;;;;;;;;;;;;;;
02.05.25 15:20;Freitag;417;Schaf;1,5;672;Latte Macchiato;4;;;;;;;;;;;;;;;;
02.05.25 15:20;Freitag;417;Schaf;1;673;Matcha Kuchen;88;;;;;;;;;;;;;;;;
02.05.25 15:21;Freitag;418;England;1,5;674;Cappucino;3;;;;;;;;;;;;;;;;
02.05.25 15:21;Freitag;418;England;1,5;675;Cappucino;3;;;;;;;;;;;;;;;;
02.05.25 15:21;Freitag;419;Norwegen;1,5;676;Cappucino;3;;;;;;;;;;;;;;;;
02.05.25 15:21;Freitag;419;Norwegen;1;677;Schoko Kuchen;89;;;;;;;;;;;;;;;;
02.05.25 15:22;Freitag;420;Schweden;1;678;Schoko Kuchen;89;;;;;;;;;;;;;;;;
02.05.25 15:22;Freitag;420;Schweden;1;679;Schoko Kuchen;89;;;;;;;;;;;;;;;;
02.05.25 15:22;Freitag;420;Schweden;1,5;680;Cappucino;3;;;;;;;;;;;;;;;;
02.05.25 15:22;Freitag;421;Biene;1,5;681;Latte Macchiato;4;;;;;;;;;;;;;;;;
02.05.25 15:22;Freitag;421;Biene;2;682;Espresso Tonic;12;;;;;;;;;;;;;;;;
02.05.25 15:22;Freitag;421;Biene;1;683;Schoko Kuchen;89;;;;;;;;;;;;;;;;
02.05.25 15:23;Freitag;422;Schweiz;1,5;684;Cappucino;3;;;;;;;;;;;;;;;;
02.05.25 15:24;Freitag;423;Kroatien;1,5;685;Cappucino;3;;;;;;;;;;;;;;;;
02.05.25 15:24;Freitag;423;Kroatien;1,5;686;Cappucino;3;;;;;;;;;;;;;;;;
02.05.25 15:24;Freitag;423;Kroatien;1,5;687;Cappucino;3;;;;;;;;;;;;;;;;
02.05.25 15:25;Freitag;424;Italien;1,5;688;Cappucino;3;;;;;;;;;;;;;;;;
02.05.25 15:25;Freitag;425;Finnland;2;689;Espresso Tonic;12;;;;;;;;;;;;;;;;
02.05.25 15:25;Freitag;425;Finnland;1;690;Focaccia;90;;;;;;;;;;;;;;;;
02.05.25 15:26;Freitag;426;Polen;1;691;Schoko Kuchen;89;;;;;;;;;;;;;;;;
02.05.25 15:26;Freitag;426;Polen;1;692;Matcha Kuchen;88;;;;;;;;;;;;;;;;
02.05.25 15:27;Freitag;427;Dänemark;1,5;693;Kaffee Americano;2;;;;;;;;;;;;;;;;
02.05.25 15:27;Freitag;427;Dänemark;1;694;Matcha Kuchen;88;;;;;;;;;;;;;;;;
02.05.25 15:31;Freitag;428;Ungarn;1,5;695;Latte Macchiato;4;;;;;;;;;;;;;;;;
02.05.25 15:31;Freitag;428;Ungarn;1,5;696;Latte Macchiato;4;;;;;;;;;;;;;;;;
02.05.25 15:35;Freitag;429;Serbien;1;697;Matcha Kuchen;88;;;;;;;;;;;;;;;;
02.05.25 15:35;Freitag;429;Serbien;1;698;Matcha Kuchen;88;;;;;;;;;;;;;;;;
02.05.25 15:35;Freitag;429;Serbien;1;699;Schoko Kuchen;89;;;;;;;;;;;;;;;;
02.05.25 15:36;Freitag;430;Frankreich;1;700;Schoko Kuchen;89;;;;;;;;;;;;;;;;
02.05.25 15:37;Freitag;431;Spanien;1,5;701;Latte Macchiato;4;;;;;;;;;;;;;;;;
02.05.25 15:37;Freitag;431;Spanien;1,5;702;Cappucino;3;;;;;;;;;;;;;;;;
02.05.25 15:37;Freitag;431;Spanien;1,5;703;Cappucino;3;;;;;;;;;;;;;;;;
02.05.25 15:39;Freitag;432;Schweden;1,5;704;Latte Macchiato;4;;;;;;;;;;;;;;;;
02.05.25 15:39;Freitag;432;Schweden;1;705;Focaccia;90;;;;;;;;;;;;;;;;
02.05.25 15:40;Freitag;433;Norwegen;1,5;706;Latte Macchiato;4;;;;;;;;;;;;;;;;
02.05.25 15:40;Freitag;433;Norwegen;1;707;Schoko Kuchen;89;;;;;;;;;;;;;;;;
02.05.25 15:41;Freitag;434;England;1;708;Focaccia;90;;;;;;;;;;;;;;;;
02.05.25 15:42;Freitag;435;Polen;1,5;709;Kaffee Americano;2;;;;;;;;;;;;;;;;
02.05.25 15:43;Freitag;436;Schweiz;1;710;Schoko Kuchen;89;;;;;;;;;;;;;;;;
02.05.25 15:43;Freitag;436;Schweiz;1;711;Schoko Kuchen;89;;;;;;;;;;;;;;;;
02.05.25 15:43;Freitag;436;Schweiz;1;712;Schoko Kuchen;89;;;;;;;;;;;;;;;;
02.05.25 15:43;Freitag;436;Schweiz;1;713;Focaccia;90;;;;;;;;;;;;;;;;
02.05.25 15:44;Freitag;437;Serbien;1;714;Focaccia;90;;;;;;;;;;;;;;;;
02.05.25 15:44;Freitag;437;Serbien;1;715;Schoko Kuchen;89;;;;;;;;;;;;;;;;
02.05.25 15:45;Freitag;438;Moldau;1,5;716;Cappucino;3;;;;;;;;;;;;;;;;
02.05.25 15:45;Freitag;438;Moldau;1,5;717;Cappucino;3;;;;;;;;;;;;;;;;
02.05.25 15:45;Freitag;438;Moldau;1;718;Schoko Kuchen;89;;;;;;;;;;;;;;;;
02.05.25 15:46;Freitag;439;Schweden;1,5;719;Kaffee Americano;2;;;;;;;;;;;;;;;;
02.05.25 15:46;Freitag;440;Dänemark;1,5;720;Cappucino;3;;;;;;;;;;;;;;;;
02.05.25 15:46;Freitag;440;Dänemark;0,5;721;ToGo Pfand;93;;;;;;;;;;;;;;;;
02.05.25 15:47;Freitag;441;Kroatien;1,5;722;Cappucino;3;;;;;;;;;;;;;;;;
02.05.25 15:49;Freitag;442;Finnland;1;723;Schoko Kuchen;89;;;;;;;;;;;;;;;;
02.05.25 15:53;Freitag;443;Schweiz;1,5;724;Cappucino;3;;;;;;;;;;;;;;;;
02.05.25 15:53;Freitag;443;Schweiz;1;725;Schoko Kuchen;89;;;;;;;;;;;;;;;;
02.05.25 15:57;Freitag;444;Polen;1,5;726;Cappucino;3;;;;;;;;;;;;;;;;
02.05.25 16:00;Freitag;445;Schweden;1,5;727;Cappucino;3;;;;;;;;;;;;;;;;
02.05.25 16:00;Freitag;445;Schweden;1;728;Schoko Kuchen;89;;;;;;;;;;;;;;;;
02.05.25 16:02;Freitag;446;Dänemark;1;729;Schoko Kuchen;89;;;;;;;;;;;;;;;;
02.05.25 16:02;Freitag;446;Dänemark;1,5;730;Cappucino;3;;;;;;;;;;;;;;;;
02.05.25 16:03;Freitag;447;Moldau;1;731;Schoko Kuchen;89;;;;;;;;;;;;;;;;
02.05.25 16:03;Freitag;447;Moldau;1;732;Schoko Kuchen;89;;;;;;;;;;;;;;;;
02.05.25 16:05;Freitag;448;Norwegen;1,5;733;Cappucino;3;;;;;;;;;;;;;;;;
02.05.25 16:06;Freitag;449;Spanien;1;734;Focaccia;90;;;;;;;;;;;;;;;;
02.05.25 16:06;Freitag;449;Spanien;1;735;Focaccia;90;;;;;;;;;;;;;;;;
02.05.25 16:07;Freitag;450;Italien;1,5;736;Latte Macchiato;4;;;;;;;;;;;;;;;;
02.05.25 16:07;Freitag;450;Italien;1,5;737;Latte Macchiato;4;;;;;;;;;;;;;;;;
02.05.25 16:07;Freitag;450;Italien;1;738;Earl Grey;9;;;;;;;;;;;;;;;;
02.05.25 16:08;Freitag;451;Ungarn;1,5;739;Cappucino;3;;;;;;;;;;;;;;;;
02.05.25 16:08;Freitag;452;Serbien;1,5;740;Kaffee Americano;2;;;;;;;;;;;;;;;;
02.05.25 16:09;Freitag;453;Frankreich;1,5;741;Latte Macchiato;4;;;;;;;;;;;;;;;;
02.05.25 16:09;Freitag;453;Frankreich;1,5;742;Latte Macchiato;4;;;;;;;;;;;;;;;;
02.05.25 16:14;Freitag;454;England;1,5;743;Cappucino;3;;;;;;;;;;;;;;;;
02.05.25 16:14;Freitag;454;England;1,5;744;Cappucino;3;;;;;;;;;;;;;;;;
02.05.25 16:18;Freitag;455;Finnland;1,5;745;Latte Macchiato;4;;;;;;;;;;;;;;;;
02.05.25 16:20;Freitag;456;Kroatien;1,5;746;Cappucino;3;;;;;;;;;;;;;;;;
02.05.25 16:20;Freitag;456;Kroatien;1,5;747;Cappucino;3;;;;;;;;;;;;;;;;
02.05.25 16:21;Freitag;457;Schweiz;1,5;748;Latte Macchiato;4;;;;;;;;;;;;;;;;
02.05.25 16:21;Freitag;457;Schweiz;1;749;Schoko Kuchen;89;;;;;;;;;;;;;;;;
02.05.25 16:22;Freitag;458;Schweden;1,5;750;Espresso;1;;;;;;;;;;;;;;;;
02.05.25 16:22;Freitag;458;Schweden;1,5;751;Latte Macchiato;4;;;;;;;;;;;;;;;;
02.05.25 16:22;Freitag;459;Spanien;1,5;752;Cappucino;3;;;;;;;;;;;;;;;;
02.05.25 16:23;Freitag;460;Norwegen;1,5;753;Latte Macchiato;4;;;;;;;;;;;;;;;;
02.05.25 16:23;Freitag;461;Serbien;1;754;Earl Grey;9;;;;;;;;;;;;;;;;
02.05.25 16:25;Freitag;462;Italien;1,5;755;Cappucino;3;;;;;;;;;;;;;;;;
02.05.25 16:28;Freitag;463;Ungarn;1;756;Focaccia;90;;;;;;;;;;;;;;;;
02.05.25 16:32;Freitag;464;Polen;1;757;Focaccia;90;;;;;;;;;;;;;;;;
02.05.25 16:34;Freitag;465;Biene;1,5;758;Latte Macchiato;4;;;;;;;;;;;;;;;;
02.05.25 16:34;Freitag;465;Biene;0,5;759;ToGo Pfand;93;;;;;;;;;;;;;;;;
02.05.25 16:37;Freitag;466;Schaf;1,5;760;Espresso;1;;;;;;;;;;;;;;;;
02.05.25 16:38;Freitag;467;Hummel;1;761;Focaccia;90;;;;;;;;;;;;;;;;
02.05.25 16:42;Freitag;468;Huhn;1,5;762;Cappucino;3;;;;;;;;;;;;;;;;
02.05.25 16:46;Freitag;469;Hummel;1,5;763;Kaffee Americano;2;;;;;;;;;;;;;;;;
02.05.25 16:47;Freitag;470;Huhn;1;764;Earl Grey;9;;;;;;;;;;;;;;;;
02.05.25 16:48;Freitag;471;Ziege;1,5;765;Cappucino;3;;;;;;;;;;;;;;;;
02.05.25 16:48;Freitag;472;Wiesel;1,5;766;Kaffee Americano;2;;;;;;;;;;;;;;;;
02.05.25 16:49;Freitag;473;Lama;1,5;767;Latte Macchiato;4;;;;;;;;;;;;;;;;
02.05.25 16:50;Freitag;474;Lachs;1;768;Bergkräuter Minze;7;;;;;;;;;;;;;;;;
02.05.25 16:50;Freitag;474;Lachs;1;769;Dajeeling;10;;;;;;;;;;;;;;;;
02.05.25 16:50;Freitag;474;Lachs;1,5;770;Cappucino;3;;;;;;;;;;;;;;;;
02.05.25 16:54;Freitag;475;Pferd;1,5;771;Cappucino;3;;;;;;;;;;;;;;;;
02.05.25 16:54;Freitag;475;Pferd;1,5;772;Kaffee Americano;2;;;;;;;;;;;;;;;;
02.05.25 16:55;Freitag;476;Maus;1,5;773;Cappucino;3;;;;;;;;;;;;;;;;
02.05.25 16:57;Freitag;477;Reh;1,5;774;Cappucino;3;;;;;;;;;;;;;;;;
02.05.25 16:57;Freitag;477;Reh;1,5;775;Kaffee Americano;2;;;;;;;;;;;;;;;;
02.05.25 17:02;Freitag;478;Igel;1,5;776;Espresso;1;;;;;;;;;;;;;;;;
02.05.25 17:03;Freitag;479;Biene;1;777;Earl Grey;9;;;;;;;;;;;;;;;;
02.05.25 17:06;Freitag;480;Schaf;1;778;Hibiskus;8;;;;;;;;;;;;;;;;
02.05.25 17:06;Freitag;481;Hummel;1,5;779;Latte Macchiato;4;;;;;;;;;;;;;;;;
02.05.25 17:12;Freitag;482;Ziege;1,5;780;Cappucino;3;;;;;;;;;;;;;;;;
02.05.25 17:12;Freitag;483;Katze;1,5;781;Cappucino;3;;;;;;;;;;;;;;;;
02.05.25 17:13;Freitag;484;Wiesel;1;782;Focaccia;90;;;;;;;;;;;;;;;;
02.05.25 17:18;Freitag;485;Lama;1;783;Focaccia;90;;;;;;;;;;;;;;;;
02.05.25 17:18;Freitag;485;Lama;1,5;784;Kaffee Americano;2;;;;;;;;;;;;;;;;
02.05.25 17:19;Freitag;486;Hummel;1,5;785;Espresso;1;;;;;;;;;;;;;;;;
02.05.25 17:19;Freitag;486;Hummel;1,5;786;Espresso;1;;;;;;;;;;;;;;;;
02.05.25 17:19;Freitag;486;Hummel;1;787;Focaccia;90;;;;;;;;;;;;;;;;
02.05.25 17:19;Freitag;486;Hummel;1;788;Focaccia;90;;;;;;;;;;;;;;;;
02.05.25 17:19;Freitag;486;Hummel;1,5;789;Espresso;1;;;;;;;;;;;;;;;;
02.05.25 17:20;Freitag;487;Lama;1;790;Dajeeling;10;;;;;;;;;;;;;;;;
02.05.25 17:22;Freitag;488;Maus;1,5;791;Cappucino;3;;;;;;;;;;;;;;;;
02.05.25 17:22;Freitag;488;Maus;0,5;792;ToGo Pfand;93;;;;;;;;;;;;;;;;
02.05.25 17:26;Freitag;489;Hummel;1,5;793;Kaffee Americano;2;;;;;;;;;;;;;;;;
02.05.25 17:26;Freitag;489;Hummel;1;794;Focaccia;90;;;;;;;;;;;;;;;;
02.05.25 17:26;Freitag;489;Hummel;1;795;Focaccia;90;;;;;;;;;;;;;;;;
02.05.25 17:36;Freitag;490;Lama;1;796;Focaccia;90;;;;;;;;;;;;;;;;
02.05.25 17:39;Freitag;491;Lama;1,5;797;Cappucino;3;;;;;;;;;;;;;;;;
03.05.25 10:33;Samstag;492;Lama;1,5;798;Kaffee Americano;2;;;;;;;;;;;;;;;;
03.05.25 10:36;Samstag;493;Schaf;1,5;799;Cappucino;3;;;;;;;;;;;;;;;;
03.05.25 10:37;Samstag;494;Lachs;1,5;800;Latte Macchiato;4;;;;;;;;;;;;;;;;
03.05.25 10:38;Samstag;495;Huhn;1;801;Hibiskus;8;;;;;;;;;;;;;;;;
03.05.25 10:38;Samstag;495;Huhn;1,5;802;Cappucino;3;;;;;;;;;;;;;;;;
03.05.25 10:38;Samstag;495;Huhn;1,5;803;Cappucino;3;;;;;;;;;;;;;;;;
03.05.25 10:40;Samstag;496;Katze;1;804;Bergkräuter Minze;7;;;;;;;;;;;;;;;;
03.05.25 10:41;Samstag;497;Biene;1,5;805;Cappucino;3;;;;;;;;;;;;;;;;
03.05.25 10:41;Samstag;497;Biene;1,5;806;Cappucino;3;;;;;;;;;;;;;;;;
03.05.25 10:43;Samstag;498;Ziege;1,5;807;Latte Macchiato;4;;;;;;;;;;;;;;;;
03.05.25 10:43;Samstag;498;Ziege;0,5;808;ToGo Pfand;93;;;;;;;;;;;;;;;;
03.05.25 10:44;Samstag;499;Hummel;1,5;809;Cappucino;3;;;;;;;;;;;;;;;;
03.05.25 10:49;Samstag;500;Maus;1,5;810;Latte Macchiato;4;;;;;;;;;;;;;;;;
03.05.25 10:49;Samstag;500;Maus;1,5;811;Espresso;1;;;;;;;;;;;;;;;;
03.05.25 10:50;Samstag;501;Reh;1;812;Bergkräuter Minze;7;;;;;;;;;;;;;;;;
03.05.25 10:50;Samstag;502;Pferd;1,5;813;Cappucino;3;;;;;;;;;;;;;;;;
03.05.25 10:50;Samstag;502;Pferd;1,5;814;Cappucino;3;;;;;;;;;;;;;;;;
03.05.25 10:52;Samstag;503;Igel;1,5;815;Cappucino;3;;;;;;;;;;;;;;;;
03.05.25 10:53;Samstag;504;Wiesel;1,5;816;Kaffee Americano;2;;;;;;;;;;;;;;;;
03.05.25 10:54;Samstag;505;Lama;1,5;817;Cappucino;3;;;;;;;;;;;;;;;;
03.05.25 10:54;Samstag;506;Schaf;1,5;818;Kaffee Americano;2;;;;;;;;;;;;;;;;
03.05.25 10:55;Samstag;507;Biene;1,5;819;Latte Macchiato;4;;;;;;;;;;;;;;;;
03.05.25 10:56;Samstag;508;Huhn;1,5;820;Latte Macchiato;4;;;;;;;;;;;;;;;;
03.05.25 11:01;Samstag;509;Lachs;1,5;821;Cappucino;3;;;;;;;;;;;;;;;;
03.05.25 11:01;Samstag;509;Lachs;0,5;822;ToGo Pfand;93;;;;;;;;;;;;;;;;
03.05.25 11:11;Samstag;510;Wiesel;1,5;823;Cappucino;3;;;;;;;;;;;;;;;;
03.05.25 11:11;Samstag;511;Ziege;1,5;824;Cappucino;3;;;;;;;;;;;;;;;;
03.05.25 11:11;Samstag;512;Reh;1;825;Dajeeling;10;;;;;;;;;;;;;;;;
03.05.25 11:14;Samstag;513;Maus;1,5;826;Cappucino;3;;;;;;;;;;;;;;;;
03.05.25 11:14;Samstag;514;Wiesel;1,5;827;Cappucino;3;;;;;;;;;;;;;;;;
03.05.25 11:15;Samstag;515;Pferd;1,5;828;Cappucino;3;;;;;;;;;;;;;;;;
03.05.25 11:15;Samstag;515;Pferd;1;829;Hibiskus;8;;;;;;;;;;;;;;;;
03.05.25 11:15;Samstag;515;Pferd;1;830;Hibiskus;8;;;;;;;;;;;;;;;;
03.05.25 11:17;Samstag;516;Katze;1,5;831;Cappucino;3;;;;;;;;;;;;;;;;
03.05.25 11:17;Samstag;516;Katze;1,5;832;Espresso;1;;;;;;;;;;;;;;;;
03.05.25 11:17;Samstag;517;Hummel;1;833;Bergkräuter Minze;7;;;;;;;;;;;;;;;;
03.05.25 11:20;Samstag;518;Schaf;2;834;Espresso Tonic;12;;;;;;;;;;;;;;;;
03.05.25 11:23;Samstag;519;Lama;1,5;835;Cappucino;3;;;;;;;;;;;;;;;;
03.05.25 11:26;Samstag;520;Igel;1,5;836;Kaffee Americano;2;;;;;;;;;;;;;;;;
03.05.25 11:28;Samstag;521;Biene;1,5;837;Latte Macchiato;4;;;;;;;;;;;;;;;;
03.05.25 11:28;Samstag;521;Biene;1,5;838;Cappucino;3;;;;;;;;;;;;;;;;
03.05.25 11:28;Samstag;521;Biene;1,5;839;Cappucino;3;;;;;;;;;;;;;;;;
03.05.25 11:33;Samstag;522;Lama;1,5;840;Cappucino;3;;;;;;;;;;;;;;;;
03.05.25 11:34;Samstag;523;Igel;1,5;841;Kaffee Americano;2;;;;;;;;;;;;;;;;
03.05.25 11:37;Samstag;524;Hummel;1;842;Earl Grey;9;;;;;;;;;;;;;;;;
03.05.25 11:51;Samstag;525;Igel;1,5;843;Kaffee Americano;2;;;;;;;;;;;;;;;;
03.05.25 11:54;Samstag;526;Wiesel;1,5;844;Latte Macchiato;4;;;;;;;;;;;;;;;;
03.05.25 11:57;Samstag;527;Maus;1,5;845;Latte Macchiato;4;;;;;;;;;;;;;;;;
03.05.25 11:58;Samstag;528;Reh;1,5;846;Kaffee Americano;2;;;;;;;;;;;;;;;;
03.05.25 11:58;Samstag;529;Katze;1,5;847;Cappucino;3;;;;;;;;;;;;;;;;
03.05.25 12:00;Samstag;530;Pferd;1;848;Bergkräuter Minze;7;;;;;;;;;;;;;;;;
03.05.25 12:04;Samstag;531;Pferd;1,5;849;Cappucino;3;;;;;;;;;;;;;;;;
03.05.25 12:08;Samstag;532;Biene;1;850;Earl Grey;9;;;;;;;;;;;;;;;;
03.05.25 12:09;Samstag;533;Hummel;1;851;Bergkräuter Minze;7;;;;;;;;;;;;;;;;
03.05.25 12:09;Samstag;533;Hummel;1;852;Hibiskus;8;;;;;;;;;;;;;;;;
03.05.25 12:10;Samstag;534;Schaf;1,5;853;Cappucino;3;;;;;;;;;;;;;;;;
03.05.25 12:10;Samstag;534;Schaf;0,5;854;ToGo Pfand;93;;;;;;;;;;;;;;;;
03.05.25 12:19;Samstag;535;Schaf;1,5;855;Kaffee Americano;2;;;;;;;;;;;;;;;;
03.05.25 12:20;Samstag;536;Bar;0;856;Espresso;1;;;;;;;;;;;;;;;;
03.05.25 12:20;Samstag;536;Bar;0;857;Latte Macchiato;4;;;;;;;;;;;;;;;;
03.05.25 12:20;Samstag;536;Bar;0;858;Espresso Tonic;12;;;;;;;;;;;;;;;;
03.05.25 12:34;Samstag;537;Huhn;1,5;859;Cappucino;3;;;;;;;;;;;;;;;;
03.05.25 12:34;Samstag;537;Huhn;1,5;860;Latte Macchiato;4;;;;;;;;;;;;;;;;
03.05.25 12:35;Samstag;538;Lachs;1,5;861;Cappucino;3;;;;;;;;;;;;;;;;
03.05.25 12:35;Samstag;538;Lachs;1,5;862;Cappucino;3;;;;;;;;;;;;;;;;
03.05.25 12:35;Samstag;539;Ziege;1,5;863;Latte Macchiato;4;;;;;;;;;;;;;;;;
03.05.25 12:35;Samstag;539;Ziege;1;864;Focaccia;90;;;;;;;;;;;;;;;;
03.05.25 12:35;Samstag;540;Lama;1,5;865;Latte Macchiato;4;;;;;;;;;;;;;;;;
03.05.25 12:38;Samstag;541;Igel;1;866;Focaccia;90;;;;;;;;;;;;;;;;
03.05.25 12:40;Samstag;542;Wiesel;1,5;867;Kaffee Americano;2;;;;;;;;;;;;;;;;
03.05.25 12:40;Samstag;542;Wiesel;1,5;868;Kaffee Americano;2;;;;;;;;;;;;;;;;
03.05.25 12:41;Samstag;543;Reh;1,5;869;Espresso;1;;;;;;;;;;;;;;;;
03.05.25 12:41;Samstag;544;Maus;1,5;870;Kaffee Americano;2;;;;;;;;;;;;;;;;
03.05.25 12:41;Samstag;544;Maus;1,5;871;Latte Macchiato;4;;;;;;;;;;;;;;;;
03.05.25 12:41;Samstag;544;Maus;1,5;872;Latte Macchiato;4;;;;;;;;;;;;;;;;
03.05.25 12:44;Samstag;545;Katze;1;873;Focaccia;90;;;;;;;;;;;;;;;;
03.05.25 12:44;Samstag;545;Katze;0;874;Espresso;1;;;;;;;;;;;;;;;;
03.05.25 12:53;Samstag;546;Biene;0;875;Kaffee Americano;2;;;;;;;;;;;;;;;;
03.05.25 12:54;Samstag;547;Pferd;1,5;876;Cappucino;3;;;;;;;;;;;;;;;;
03.05.25 12:54;Samstag;548;Hummel;0;877;Bergkräuter Minze;7;;;;;;;;;;;;;;;;
03.05.25 12:54;Samstag;548;Hummel;0;878;Bergkräuter Minze;7;;;;;;;;;;;;;;;;
03.05.25 12:54;Samstag;548;Hummel;0;879;Bergkräuter Minze;7;;;;;;;;;;;;;;;;
03.05.25 12:55;Samstag;549;Schaf;2;880;Espresso Tonic;12;;;;;;;;;;;;;;;;
03.05.25 12:58;Samstag;550;Lachs;1;881;Focaccia;90;;;;;;;;;;;;;;;;
03.05.25 12:58;Samstag;550;Lachs;1,5;882;Latte Macchiato;4;;;;;;;;;;;;;;;;
03.05.25 12:59;Samstag;551;Huhn;1,5;883;Latte Macchiato;4;;;;;;;;;;;;;;;;
03.05.25 12:59;Samstag;551;Huhn;1,5;884;Latte Macchiato;4;;;;;;;;;;;;;;;;
03.05.25 12:59;Samstag;551;Huhn;0,5;885;ToGo Pfand;93;;;;;;;;;;;;;;;;
03.05.25 12:59;Samstag;551;Huhn;0,5;886;ToGo Pfand;93;;;;;;;;;;;;;;;;
03.05.25 13:00;Samstag;552;Biene;1;887;Focaccia;90;;;;;;;;;;;;;;;;
03.05.25 13:00;Samstag;552;Biene;1,5;888;Latte Macchiato;4;;;;;;;;;;;;;;;;
03.05.25 13:01;Samstag;553;Igel;1,5;889;Latte Macchiato;4;;;;;;;;;;;;;;;;
03.05.25 13:03;Samstag;554;Ziege;1,5;890;Cappucino;3;;;;;;;;;;;;;;;;
03.05.25 13:06;Samstag;555;Lama;1,5;891;Cappucino;3;;;;;;;;;;;;;;;;
03.05.25 13:06;Samstag;555;Lama;1,5;892;Cappucino;3;;;;;;;;;;;;;;;;
03.05.25 13:06;Samstag;555;Lama;1,5;893;Cappucino;3;;;;;;;;;;;;;;;;
03.05.25 13:06;Samstag;555;Lama;0,5;894;ToGo Pfand;93;;;;;;;;;;;;;;;;
03.05.25 13:06;Samstag;555;Lama;0,5;895;ToGo Pfand;93;;;;;;;;;;;;;;;;
03.05.25 13:06;Samstag;555;Lama;0,5;896;ToGo Pfand;93;;;;;;;;;;;;;;;;
03.05.25 13:07;Samstag;556;Igel;1,5;897;Cappucino;3;;;;;;;;;;;;;;;;
03.05.25 13:07;Samstag;556;Igel;1;898;Focaccia;90;;;;;;;;;;;;;;;;
03.05.25 13:11;Samstag;557;Ziege;1,5;899;Cappucino;3;;;;;;;;;;;;;;;;
03.05.25 13:12;Samstag;558;Reh;1;900;Hibiskus;8;;;;;;;;;;;;;;;;
03.05.25 13:12;Samstag;558;Reh;1;901;Focaccia;90;;;;;;;;;;;;;;;;
03.05.25 13:12;Samstag;559;Wiesel;1,5;902;Latte Macchiato;4;;;;;;;;;;;;;;;;
03.05.25 13:13;Samstag;560;Maus;0;903;Bergkräuter Minze;7;;;;;;;;;;;;;;;;
03.05.25 13:15;Samstag;561;Ziege;1,5;904;Cappucino;3;;;;;;;;;;;;;;;;
03.05.25 13:17;Samstag;562;Bar;0;905;Espresso Tonic;12;;;;;;;;;;;;;;;;
03.05.25 13:20;Samstag;563;Katze;1,5;906;Cappucino;3;;;;;;;;;;;;;;;;
03.05.25 13:20;Samstag;563;Katze;0,5;907;ToGo Pfand;93;;;;;;;;;;;;;;;;
03.05.25 13:20;Samstag;563;Katze;1;908;Bergkräuter Minze;7;;;;;;;;;;;;;;;;
03.05.25 13:20;Samstag;563;Katze;0,5;909;ToGo Pfand;94;;;;;;;;;;;;;;;;
03.05.25 13:22;Samstag;564;Biene;1,5;910;Cappucino;3;;;;;;;;;;;;;;;;
03.05.25 13:22;Samstag;564;Biene;1,5;911;Cappucino;3;;;;;;;;;;;;;;;;
03.05.25 13:24;Samstag;565;Hummel;0;912;Kaffee Americano;2;;;;;;;;;;;;;;;;
03.05.25 13:24;Samstag;566;Igel;1;913;Focaccia;90;;;;;;;;;;;;;;;;
03.05.25 13:25;Samstag;567;Lama;1,5;914;Latte Macchiato;4;;;;;;;;;;;;;;;;
03.05.25 13:25;Samstag;567;Lama;1,5;915;Latte Macchiato;4;;;;;;;;;;;;;;;;
03.05.25 13:25;Samstag;567;Lama;0,5;916;ToGo Pfand;93;;;;;;;;;;;;;;;;
03.05.25 13:25;Samstag;567;Lama;0,5;917;ToGo Pfand;93;;;;;;;;;;;;;;;;
03.05.25 13:28;Samstag;568;Wiesel;0;918;Latte Macchiato;4;;;;;;;;;;;;;;;;
03.05.25 13:30;Samstag;569;Pferd;1,5;919;Latte Macchiato;4;;;;;;;;;;;;;;;;
03.05.25 13:33;Samstag;570;Schaf;2;920;Espresso Tonic;12;;;;;;;;;;;;;;;;
03.05.25 13:34;Samstag;571;Ziege;1,5;921;Espresso;1;;;;;;;;;;;;;;;;
03.05.25 13:34;Samstag;571;Ziege;1,5;922;Espresso;1;;;;;;;;;;;;;;;;
03.05.25 13:34;Samstag;572;Reh;0;923;Cappucino;3;;;;;;;;;;;;;;;;
03.05.25 13:34;Samstag;572;Reh;1;924;Focaccia;90;;;;;;;;;;;;;;;;
03.05.25 13:35;Samstag;573;Huhn;2;925;Espresso Tonic;12;;;;;;;;;;;;;;;;
03.05.25 13:35;Samstag;573;Huhn;1,5;926;Kaffee Americano;2;;;;;;;;;;;;;;;;
03.05.25 13:35;Samstag;573;Huhn;0,5;927;ToGo Pfand;93;;;;;;;;;;;;;;;;
03.05.25 13:36;Samstag;574;Lachs;1,5;928;Cappucino;3;;;;;;;;;;;;;;;;
03.05.25 13:37;Samstag;575;Maus;2;929;Espresso Tonic;12;;;;;;;;;;;;;;;;
03.05.25 13:37;Samstag;575;Maus;0,5;930;ToGo Pfand;93;;;;;;;;;;;;;;;;
03.05.25 13:38;Samstag;576;Biene;0;931;Gin Tonic;11;;;;;;;;;;;;;;;;
03.05.25 13:38;Samstag;576;Biene;0;932;Gin Tonic;11;;;;;;;;;;;;;;;;
03.05.25 13:38;Samstag;577;Katze;0;933;Kaffee Americano;2;;;;;;;;;;;;;;;;
03.05.25 13:39;Samstag;578;Igel;1,5;934;Cappucino;3;;;;;;;;;;;;;;;;
03.05.25 13:41;Samstag;579;Hummel;0;935;Cappucino;3;;;;;;;;;;;;;;;;
03.05.25 13:42;Samstag;580;Pferd;0;936;Latte Macchiato;4;;;;;;;;;;;;;;;;
03.05.25 13:42;Samstag;581;Wiesel;0;937;Cappucino;3;;;;;;;;;;;;;;;;
03.05.25 13:46;Samstag;582;Lama;1,5;938;Latte Macchiato;4;;;;;;;;;;;;;;;;
03.05.25 13:46;Samstag;583;Igel;1,5;939;Cappucino;3;;;;;;;;;;;;;;;;
03.05.25 13:46;Samstag;583;Igel;1,5;940;Cappucino;3;;;;;;;;;;;;;;;;
03.05.25 13:48;Samstag;584;Schaf;1,5;941;Cappucino;3;;;;;;;;;;;;;;;;
03.05.25 13:48;Samstag;584;Schaf;0,5;942;ToGo Pfand;93;;;;;;;;;;;;;;;;
03.05.25 13:51;Samstag;585;Serbien;1,5;943;Cappucino;3;;;;;;;;;;;;;;;;
03.05.25 13:55;Samstag;586;Polen;1,5;944;Latte Macchiato;4;;;;;;;;;;;;;;;;
03.05.25 13:55;Samstag;586;Polen;1,5;945;Latte Macchiato;4;;;;;;;;;;;;;;;;
03.05.25 13:56;Samstag;587;Italien;1,5;946;Cappucino;3;;;;;;;;;;;;;;;;
03.05.25 13:56;Samstag;587;Italien;1,5;947;Cappucino;3;;;;;;;;;;;;;;;;
03.05.25 13:56;Samstag;587;Italien;1,5;948;Cappucino;3;;;;;;;;;;;;;;;;
03.05.25 13:57;Samstag;588;Moldau;1;949;Focaccia;90;;;;;;;;;;;;;;;;
03.05.25 13:59;Samstag;589;Dänemark;1;950;Focaccia;90;;;;;;;;;;;;;;;;
03.05.25 14:00;Samstag;590;Finnland;1,5;951;Latte Macchiato;4;;;;;;;;;;;;;;;;
03.05.25 14:00;Samstag;590;Finnland;1,5;952;Latte Macchiato;4;;;;;;;;;;;;;;;;
03.05.25 14:00;Samstag;590;Finnland;1;953;Earl Grey;9;;;;;;;;;;;;;;;;
03.05.25 14:03;Samstag;591;England;1,5;954;Kaffee Americano;2;;;;;;;;;;;;;;;;
03.05.25 14:05;Samstag;592;Frankreich;1,5;955;Cappucino;3;;;;;;;;;;;;;;;;
03.05.25 14:05;Samstag;592;Frankreich;1,5;956;Cappucino;3;;;;;;;;;;;;;;;;
03.05.25 14:05;Samstag;592;Frankreich;0,5;957;ToGo Pfand;93;;;;;;;;;;;;;;;;
03.05.25 14:05;Samstag;593;Ungarn;1,5;958;Kaffee Americano;2;;;;;;;;;;;;;;;;
03.05.25 14:06;Samstag;594;Norwegen;0;959;Gin Tonic;11;;;;;;;;;;;;;;;;
03.05.25 14:08;Samstag;595;Schweden;1,5;960;Cappucino;3;;;;;;;;;;;;;;;;
03.05.25 14:08;Samstag;595;Schweden;1,5;961;Latte Macchiato;4;;;;;;;;;;;;;;;;
03.05.25 14:08;Samstag;596;Spanien;1,5;962;Cappucino;3;;;;;;;;;;;;;;;;
03.05.25 14:08;Samstag;596;Spanien;1,5;963;Cappucino;3;;;;;;;;;;;;;;;;
03.05.25 14:09;Samstag;597;Schweiz;0;964;Latte Macchiato;4;;;;;;;;;;;;;;;;
03.05.25 14:09;Samstag;597;Schweiz;0;965;Latte Macchiato;4;;;;;;;;;;;;;;;;
03.05.25 14:10;Samstag;598;Italien;1;966;Focaccia;90;;;;;;;;;;;;;;;;
03.05.25 14:11;Samstag;599;Polen;0;967;Latte Macchiato;4;;;;;;;;;;;;;;;;
03.05.25 14:11;Samstag;599;Polen;0;968;Latte Macchiato;4;;;;;;;;;;;;;;;;
03.05.25 14:14;Samstag;600;Moldau;1,5;969;Kaffee Americano;2;;;;;;;;;;;;;;;;
03.05.25 14:14;Samstag;600;Moldau;1,5;970;Kaffee Americano;2;;;;;;;;;;;;;;;;
03.05.25 14:14;Samstag;600;Moldau;0,5;971;ToGo Pfand;93;;;;;;;;;;;;;;;;
03.05.25 14:14;Samstag;600;Moldau;0,5;972;ToGo Pfand;93;;;;;;;;;;;;;;;;
03.05.25 14:17;Samstag;601;Kroatien;0;973;Latte Macchiato;4;;;;;;;;;;;;;;;;
03.05.25 14:17;Samstag;601;Kroatien;0;974;Latte Macchiato;4;;;;;;;;;;;;;;;;
03.05.25 14:17;Samstag;601;Kroatien;0;975;Earl Grey;9;;;;;;;;;;;;;;;;
03.05.25 14:19;Samstag;602;England;1,5;976;Kaffee Americano;2;;;;;;;;;;;;;;;;
03.05.25 14:27;Samstag;603;Frankreich;1,5;977;Espresso;1;;;;;;;;;;;;;;;;
03.05.25 14:27;Samstag;603;Frankreich;0,5;978;ToGo Pfand;93;;;;;;;;;;;;;;;;
03.05.25 14:29;Samstag;604;Finnland;1,5;979;Cappucino;3;;;;;;;;;;;;;;;;
03.05.25 14:29;Samstag;604;Finnland;1,5;980;Espresso;1;;;;;;;;;;;;;;;;
03.05.25 14:32;Samstag;605;Dänemark;1,5;981;Cappucino;3;;;;;;;;;;;;;;;;
03.05.25 14:32;Samstag;605;Dänemark;1,5;982;Kaffee Americano;2;;;;;;;;;;;;;;;;
03.05.25 14:34;Samstag;606;Katze;1;983;Focaccia;90;;;;;;;;;;;;;;;;
03.05.25 14:36;Samstag;607;Biene;2;984;Espresso Tonic;12;;;;;;;;;;;;;;;;
03.05.25 14:38;Samstag;608;Schaf;2;985;Espresso Tonic;12;;;;;;;;;;;;;;;;
03.05.25 14:38;Samstag;608;Schaf;2;986;Espresso Tonic;12;;;;;;;;;;;;;;;;
03.05.25 14:38;Samstag;608;Schaf;1;987;Dajeeling;10;;;;;;;;;;;;;;;;
03.05.25 14:40;Samstag;609;Igel;1,5;988;Kaffee Americano;2;;;;;;;;;;;;;;;;
03.05.25 14:41;Samstag;610;Lama;1,5;989;Kaffee Americano;2;;;;;;;;;;;;;;;;
03.05.25 14:41;Samstag;611;Pferd;1,5;990;Kaffee Americano;2;;;;;;;;;;;;;;;;
03.05.25 14:41;Samstag;611;Pferd;1;991;Focaccia;90;;;;;;;;;;;;;;;;
03.05.25 14:44;Samstag;612;Kroatien;1;992;Matcha Kuchen;88;;;;;;;;;;;;;;;;
03.05.25 14:46;Samstag;613;Serbien;0;993;Espresso;1;;;;;;;;;;;;;;;;
03.05.25 14:47;Samstag;614;Dänemark;1,5;994;Cappucino;3;;;;;;;;;;;;;;;;
03.05.25 14:47;Samstag;614;Dänemark;1,5;995;Cappucino;3;;;;;;;;;;;;;;;;
03.05.25 14:47;Samstag;614;Dänemark;1,5;996;Cappucino;3;;;;;;;;;;;;;;;;
03.05.25 14:47;Samstag;614;Dänemark;0,5;997;ToGo Pfand;93;;;;;;;;;;;;;;;;
03.05.25 14:47;Samstag;614;Dänemark;0,5;998;ToGo Pfand;93;;;;;;;;;;;;;;;;
03.05.25 14:47;Samstag;614;Dänemark;0,5;999;ToGo Pfand;93;;;;;;;;;;;;;;;;
03.05.25 14:48;Samstag;615;Frankreich;1,5;1000;Cappucino;3;;;;;;;;;;;;;;;;
03.05.25 14:48;Samstag;615;Frankreich;1;1001;Matcha Kuchen;88;;;;;;;;;;;;;;;;
03.05.25 14:49;Samstag;616;England;1,5;1002;Kaffee Americano;2;;;;;;;;;;;;;;;;
03.05.25 14:49;Samstag;616;England;1,5;1003;Kaffee Americano;2;;;;;;;;;;;;;;;;
03.05.25 14:49;Samstag;616;England;1,5;1004;Kaffee Americano;2;;;;;;;;;;;;;;;;
03.05.25 14:49;Samstag;616;England;1;1005;Matcha Kuchen;88;;;;;;;;;;;;;;;;
03.05.25 14:49;Samstag;616;England;1;1006;Focaccia;90;;;;;;;;;;;;;;;;
03.05.25 14:50;Samstag;617;Moldau;1,5;1007;Cappucino;3;;;;;;;;;;;;;;;;
03.05.25 14:50;Samstag;618;Norwegen;1,5;1008;Latte Macchiato;4;;;;;;;;;;;;;;;;
03.05.25 14:51;Samstag;619;Italien;1,5;1009;Cappucino;3;;;;;;;;;;;;;;;;
03.05.25 14:52;Samstag;620;Polen;1;1010;Hibiskus;8;;;;;;;;;;;;;;;;
03.05.25 14:53;Samstag;621;Schweiz;1,5;1011;Latte Macchiato;4;;;;;;;;;;;;;;;;
03.05.25 14:53;Samstag;622;Schweden;1,5;1012;Cappucino;3;;;;;;;;;;;;;;;;
03.05.25 14:54;Samstag;623;Ungarn;0;1013;Hibiskus;8;;;;;;;;;;;;;;;;
03.05.25 14:55;Samstag;624;Spanien;1,5;1014;Latte Macchiato;4;;;;;;;;;;;;;;;;
03.05.25 14:57;Samstag;625;Finnland;1,5;1015;Cappucino;3;;;;;;;;;;;;;;;;
03.05.25 14:57;Samstag;625;Finnland;1;1016;Matcha Kuchen;88;;;;;;;;;;;;;;;;
03.05.25 14:57;Samstag;626;Frankreich;1,5;1017;Cappucino;3;;;;;;;;;;;;;;;;
03.05.25 14:58;Samstag;627;Dänemark;1,5;1018;Cappucino;3;;;;;;;;;;;;;;;;
03.05.25 14:58;Samstag;627;Dänemark;1;1019;Matcha Kuchen;88;;;;;;;;;;;;;;;;
03.05.25 14:59;Samstag;628;Serbien;1;1020;Matcha Kuchen;88;;;;;;;;;;;;;;;;
03.05.25 14:59;Samstag;628;Serbien;1,5;1021;Espresso;1;;;;;;;;;;;;;;;;
03.05.25 15:01;Samstag;629;Norwegen;0;1022;Espresso Tonic;12;;;;;;;;;;;;;;;;
03.05.25 15:02;Samstag;630;Moldau;1,5;1023;Cappucino;3;;;;;;;;;;;;;;;;
03.05.25 15:02;Samstag;630;Moldau;0,5;1024;ToGo Pfand;93;;;;;;;;;;;;;;;;
03.05.25 15:03;Samstag;631;England;1,5;1025;Latte Macchiato;4;;;;;;;;;;;;;;;;
03.05.25 15:03;Samstag;631;England;1,5;1026;Latte Macchiato;4;;;;;;;;;;;;;;;;
03.05.25 15:08;Samstag;632;Igel;1;1027;Gin Tonic;11;;;;;;;;;;;;;;;;
03.05.25 15:08;Samstag;632;Igel;2;1028;Espresso Tonic;12;;;;;;;;;;;;;;;;
03.05.25 15:08;Samstag;632;Igel;1;1029;Matcha Kuchen;88;;;;;;;;;;;;;;;;
03.05.25 15:09;Samstag;633;Hummel;1,5;1030;Latte Macchiato;4;;;;;;;;;;;;;;;;
03.05.25 15:09;Samstag;633;Hummel;1;1031;Hibiskus;8;;;;;;;;;;;;;;;;
03.05.25 15:09;Samstag;633;Hummel;2;1032;Espresso Tonic;12;;;;;;;;;;;;;;;;
03.05.25 15:10;Samstag;634;Wiesel;1,5;1033;Cappucino;3;;;;;;;;;;;;;;;;
03.05.25 15:10;Samstag;634;Wiesel;1,5;1034;Cappucino;3;;;;;;;;;;;;;;;;
03.05.25 15:10;Samstag;634;Wiesel;1,5;1035;Cappucino;3;;;;;;;;;;;;;;;;
03.05.25 15:11;Samstag;635;Maus;1,5;1036;Latte Macchiato;4;;;;;;;;;;;;;;;;
03.05.25 15:11;Samstag;635;Maus;1;1037;Matcha Kuchen;88;;;;;;;;;;;;;;;;
03.05.25 15:11;Samstag;636;Huhn;1;1038;Matcha Kuchen;88;;;;;;;;;;;;;;;;
03.05.25 15:12;Samstag;637;Lachs;1,5;1039;Cappucino;3;;;;;;;;;;;;;;;;
03.05.25 15:12;Samstag;637;Lachs;1,5;1040;Cappucino;3;;;;;;;;;;;;;;;;
03.05.25 15:13;Samstag;638;Reh;1,5;1041;Latte Macchiato;4;;;;;;;;;;;;;;;;
03.05.25 15:13;Samstag;638;Reh;2;1042;Espresso Tonic;12;;;;;;;;;;;;;;;;
03.05.25 15:14;Samstag;639;Ziege;1,5;1043;Cappucino;3;;;;;;;;;;;;;;;;
03.05.25 15:14;Samstag;639;Ziege;1;1044;Matcha Kuchen;88;;;;;;;;;;;;;;;;
03.05.25 15:14;Samstag;640;Ziege;1,5;1045;Cappucino;3;;;;;;;;;;;;;;;;
03.05.25 15:14;Samstag;640;Ziege;1;1046;Matcha Kuchen;88;;;;;;;;;;;;;;;;
03.05.25 15:14;Samstag;641;Pferd;1,5;1047;Latte Macchiato;4;;;;;;;;;;;;;;;;
03.05.25 15:17;Samstag;642;Biene;1,5;1048;Latte Macchiato;4;;;;;;;;;;;;;;;;
03.05.25 15:17;Samstag;642;Biene;0,5;1049;ToGo Pfand;93;;;;;;;;;;;;;;;;
03.05.25 15:20;Samstag;643;Schaf;1,5;1050;Cappucino;3;;;;;;;;;;;;;;;;
03.05.25 15:23;Samstag;644;Kroatien;2;1051;Espresso Tonic;12;;;;;;;;;;;;;;;;
03.05.25 15:23;Samstag;645;England;1;1052;Focaccia;90;;;;;;;;;;;;;;;;
03.05.25 15:31;Samstag;646;Norwegen;1,5;1053;Latte Macchiato;4;;;;;;;;;;;;;;;;
03.05.25 15:31;Samstag;646;Norwegen;1;1054;Focaccia;90;;;;;;;;;;;;;;;;
03.05.25 15:31;Samstag;646;Norwegen;1;1055;Matcha Kuchen;88;;;;;;;;;;;;;;;;
03.05.25 15:32;Samstag;647;Reh;1;1056;Matcha Kuchen;88;;;;;;;;;;;;;;;;
03.05.25 15:32;Samstag;647;Reh;1;1057;Matcha Kuchen;88;;;;;;;;;;;;;;;;
03.05.25 15:35;Samstag;648;Reh;1,5;1058;Latte Macchiato;4;;;;;;;;;;;;;;;;
03.05.25 15:35;Samstag;648;Reh;1,5;1059;Cappucino;3;;;;;;;;;;;;;;;;
03.05.25 15:38;Samstag;649;Pferd;1,5;1060;Cappucino;3;;;;;;;;;;;;;;;;
03.05.25 15:38;Samstag;650;England;2;1061;Espresso Tonic;12;;;;;;;;;;;;;;;;
03.05.25 15:40;Samstag;651;Frankreich;2;1062;Espresso Tonic;12;;;;;;;;;;;;;;;;
03.05.25 15:40;Samstag;651;Frankreich;1;1063;Gin Tonic;11;;;;;;;;;;;;;;;;
03.05.25 15:40;Samstag;651;Frankreich;1,5;1064;Latte Macchiato;4;;;;;;;;;;;;;;;;
03.05.25 15:40;Samstag;652;Finnland;1,5;1065;Cappucino;3;;;;;;;;;;;;;;;;
03.05.25 15:41;Samstag;653;Spanien;1;1066;Matcha Kuchen;88;;;;;;;;;;;;;;;;
03.05.25 15:41;Samstag;653;Spanien;1;1067;Focaccia;90;;;;;;;;;;;;;;;;
03.05.25 15:41;Samstag;654;Polen;1,5;1068;Latte Macchiato;4;;;;;;;;;;;;;;;;
03.05.25 15:44;Samstag;655;Schweden;1,5;1069;Latte Macchiato;4;;;;;;;;;;;;;;;;
03.05.25 15:44;Samstag;655;Schweden;1,5;1070;Latte Macchiato;4;;;;;;;;;;;;;;;;
03.05.25 15:45;Samstag;656;Italien;1;1071;Matcha Kuchen;88;;;;;;;;;;;;;;;;
03.05.25 15:49;Samstag;657;Schweiz;1,5;1072;Kaffee Americano;2;;;;;;;;;;;;;;;;
03.05.25 15:53;Samstag;658;Igel;1,5;1073;Latte Macchiato;4;;;;;;;;;;;;;;;;
03.05.25 15:53;Samstag;658;Igel;1,5;1074;Latte Macchiato;4;;;;;;;;;;;;;;;;
03.05.25 15:54;Samstag;659;Frankreich;1,5;1075;Cappucino;3;;;;;;;;;;;;;;;;
03.05.25 15:55;Samstag;660;Schweiz;1,5;1076;Cappucino;3;;;;;;;;;;;;;;;;
03.05.25 15:57;Samstag;661;Huhn;1,5;1077;Latte Macchiato;4;;;;;;;;;;;;;;;;
03.05.25 15:57;Samstag;661;Huhn;1,5;1078;Cappucino;3;;;;;;;;;;;;;;;;
03.05.25 15:58;Samstag;662;Wiesel;1,5;1079;Kaffee Americano;2;;;;;;;;;;;;;;;;
03.05.25 16:00;Samstag;663;Hummel;1,5;1080;Cappucino;3;;;;;;;;;;;;;;;;
03.05.25 16:00;Samstag;663;Hummel;1,5;1081;Cappucino;3;;;;;;;;;;;;;;;;
03.05.25 16:01;Samstag;664;Lama;1,5;1082;Kaffee Americano;2;;;;;;;;;;;;;;;;
03.05.25 16:02;Samstag;665;Lachs;1;1083;Matcha Kuchen;88;;;;;;;;;;;;;;;;
03.05.25 16:02;Samstag;665;Lachs;1;1084;Matcha Kuchen;88;;;;;;;;;;;;;;;;
03.05.25 16:02;Samstag;665;Lachs;2;1085;Espresso Tonic;12;;;;;;;;;;;;;;;;
03.05.25 16:03;Samstag;666;Huhn;1,5;1086;Latte Macchiato;4;;;;;;;;;;;;;;;;
03.05.25 16:05;Samstag;667;Reh;0;1087;Dajeeling;10;;;;;;;;;;;;;;;;
03.05.25 16:05;Samstag;667;Reh;0;1088;Cappucino;3;;;;;;;;;;;;;;;;
03.05.25 16:05;Samstag;668;Biene;1,5;1089;Cappucino;3;;;;;;;;;;;;;;;;
03.05.25 16:05;Samstag;668;Biene;1;1090;Matcha Kuchen;88;;;;;;;;;;;;;;;;
03.05.25 16:06;Samstag;669;Spanien;1,5;1091;Latte Macchiato;4;;;;;;;;;;;;;;;;
03.05.25 16:08;Samstag;670;Finnland;1,5;1092;Espresso;1;;;;;;;;;;;;;;;;
03.05.25 16:09;Samstag;671;Polen;1,5;1093;Latte Macchiato;4;;;;;;;;;;;;;;;;
03.05.25 16:09;Samstag;672;Italien;1,5;1094;Latte Macchiato;4;;;;;;;;;;;;;;;;
03.05.25 16:09;Samstag;672;Italien;1,5;1095;Latte Macchiato;4;;;;;;;;;;;;;;;;
03.05.25 16:10;Samstag;673;Schweden;1,5;1096;Latte Macchiato;4;;;;;;;;;;;;;;;;
03.05.25 16:11;Samstag;674;Schweiz;1,5;1097;Latte Macchiato;4;;;;;;;;;;;;;;;;
03.05.25 16:11;Samstag;674;Schweiz;1;1098;Matcha Kuchen;88;;;;;;;;;;;;;;;;
03.05.25 16:11;Samstag;675;Frankreich;1;1099;Focaccia;90;;;;;;;;;;;;;;;;
03.05.25 16:14;Samstag;676;Igel;1,5;1100;Cappucino;3;;;;;;;;;;;;;;;;
03.05.25 16:15;Samstag;677;Maus;1,5;1101;Latte Macchiato;4;;;;;;;;;;;;;;;;
03.05.25 16:15;Samstag;677;Maus;1,5;1102;Latte Macchiato;4;;;;;;;;;;;;;;;;
03.05.25 16:15;Samstag;678;Moldau;1,5;1103;Latte Macchiato;4;;;;;;;;;;;;;;;;
03.05.25 16:15;Samstag;678;Moldau;1;1104;Matcha Kuchen;88;;;;;;;;;;;;;;;;
03.05.25 16:17;Samstag;679;Serbien;2;1105;Espresso Tonic;12;;;;;;;;;;;;;;;;
03.05.25 16:17;Samstag;679;Serbien;2;1106;Espresso Tonic;12;;;;;;;;;;;;;;;;
03.05.25 16:17;Samstag;679;Serbien;1;1107;Matcha Kuchen;88;;;;;;;;;;;;;;;;
03.05.25 16:17;Samstag;679;Serbien;1;1108;Matcha Kuchen;88;;;;;;;;;;;;;;;;
03.05.25 16:18;Samstag;680;Dänemark;1,5;1109;Latte Macchiato;4;;;;;;;;;;;;;;;;
03.05.25 16:20;Samstag;681;Ungarn;1,5;1110;Cappucino;3;;;;;;;;;;;;;;;;
03.05.25 16:20;Samstag;681;Ungarn;1,5;1111;Latte Macchiato;4;;;;;;;;;;;;;;;;
03.05.25 16:20;Samstag;682;Schaf;1;1112;Focaccia;90;;;;;;;;;;;;;;;;
03.05.25 16:22;Samstag;683;Ziege;1,5;1113;Latte Macchiato;4;;;;;;;;;;;;;;;;
03.05.25 16:22;Samstag;683;Ziege;1;1114;Matcha Kuchen;88;;;;;;;;;;;;;;;;
03.05.25 16:22;Samstag;683;Ziege;1;1115;Matcha Kuchen;88;;;;;;;;;;;;;;;;
03.05.25 16:22;Samstag;684;Kroatien;1;1116;Matcha Kuchen;88;;;;;;;;;;;;;;;;
03.05.25 16:24;Samstag;685;Norwegen;1,5;1117;Kaffee Americano;2;;;;;;;;;;;;;;;;
03.05.25 16:27;Samstag;686;England;2;1118;Espresso Tonic;12;;;;;;;;;;;;;;;;
03.05.25 16:27;Samstag;687;Pferd;2;1119;Espresso Tonic;12;;;;;;;;;;;;;;;;
03.05.25 16:27;Samstag;687;Pferd;1;1120;Matcha Kuchen;88;;;;;;;;;;;;;;;;
03.05.25 16:28;Samstag;688;Katze;1,5;1121;Cappucino;3;;;;;;;;;;;;;;;;
03.05.25 16:29;Samstag;689;Schweiz;1;1122;Matcha Kuchen;88;;;;;;;;;;;;;;;;
03.05.25 16:29;Samstag;689;Schweiz;1;1123;Matcha Kuchen;88;;;;;;;;;;;;;;;;
03.05.25 16:29;Samstag;689;Schweiz;1,5;1124;Latte Macchiato;4;;;;;;;;;;;;;;;;
03.05.25 16:30;Samstag;690;Schweden;1,5;1125;Latte Macchiato;4;;;;;;;;;;;;;;;;
03.05.25 16:30;Samstag;690;Schweden;1,5;1126;Cappucino;3;;;;;;;;;;;;;;;;
03.05.25 16:30;Samstag;690;Schweden;1;1127;Matcha Kuchen;88;;;;;;;;;;;;;;;;
03.05.25 16:30;Samstag;690;Schweden;1;1128;Matcha Kuchen;88;;;;;;;;;;;;;;;;
03.05.25 16:37;Samstag;691;Lachs;1,5;1129;Cappucino;3;;;;;;;;;;;;;;;;
03.05.25 16:38;Samstag;692;Katze;1,5;1130;Latte Macchiato;4;;;;;;;;;;;;;;;;
03.05.25 16:38;Samstag;692;Katze;1;1131;Focaccia;90;;;;;;;;;;;;;;;;
03.05.25 16:38;Samstag;693;Pferd;1,5;1132;Cappucino;3;;;;;;;;;;;;;;;;
03.05.25 16:42;Samstag;694;Igel;1,5;1133;Cappucino;3;;;;;;;;;;;;;;;;
03.05.25 16:42;Samstag;694;Igel;1,5;1134;Kaffee Americano;2;;;;;;;;;;;;;;;;
03.05.25 16:42;Samstag;694;Igel;1,5;1135;Cappucino;3;;;;;;;;;;;;;;;;
03.05.25 16:42;Samstag;694;Igel;1;1136;Focaccia;90;;;;;;;;;;;;;;;;
03.05.25 16:42;Samstag;694;Igel;1;1137;Focaccia;90;;;;;;;;;;;;;;;;
03.05.25 16:44;Samstag;695;Maus;1;1138;Matcha Kuchen;88;;;;;;;;;;;;;;;;
03.05.25 16:45;Samstag;696;Schaf;1,5;1139;Kaffee Americano;2;;;;;;;;;;;;;;;;
03.05.25 16:45;Samstag;696;Schaf;1,5;1140;Kaffee Americano;2;;;;;;;;;;;;;;;;
03.05.25 16:46;Samstag;697;Wiesel;1;1141;Hibiskus;8;;;;;;;;;;;;;;;;
03.05.25 16:51;Samstag;698;Serbien;1,5;1142;Latte Macchiato;4;;;;;;;;;;;;;;;;
03.05.25 16:51;Samstag;698;Serbien;1,5;1143;Cappucino;3;;;;;;;;;;;;;;;;
03.05.25 16:51;Samstag;698;Serbien;1,5;1144;Latte Macchiato;4;;;;;;;;;;;;;;;;
03.05.25 16:51;Samstag;698;Serbien;1,5;1145;Latte Macchiato;4;;;;;;;;;;;;;;;;
03.05.25 16:51;Samstag;698;Serbien;0,5;1146;ToGo Pfand;93;;;;;;;;;;;;;;;;
03.05.25 16:53;Samstag;699;Kroatien;1,5;1147;Cappucino;3;;;;;;;;;;;;;;;;
03.05.25 16:53;Samstag;700;Moldau;1,5;1148;Latte Macchiato;4;;;;;;;;;;;;;;;;
03.05.25 16:55;Samstag;701;Dänemark;1;1149;Grüner Tee Sencha;6;;;;;;;;;;;;;;;;
03.05.25 16:55;Samstag;701;Dänemark;2;1150;Espresso Tonic;12;;;;;;;;;;;;;;;;
03.05.25 16:55;Samstag;702;Ungarn;1,5;1151;Kaffee Americano;2;;;;;;;;;;;;;;;;
03.05.25 16:55;Samstag;702;Ungarn;1,5;1152;Kaffee Americano;2;;;;;;;;;;;;;;;;
03.05.25 16:56;Samstag;703;Norwegen;1,5;1153;Latte Macchiato;4;;;;;;;;;;;;;;;;
03.05.25 16:56;Samstag;703;Norwegen;0,5;1154;ToGo Pfand;93;;;;;;;;;;;;;;;;
03.05.25 16:58;Samstag;704;England;2;1155;Espresso Tonic;12;;;;;;;;;;;;;;;;
03.05.25 17:01;Samstag;705;Spanien;1,5;1156;Latte Macchiato;4;;;;;;;;;;;;;;;;
03.05.25 17:01;Samstag;705;Spanien;1,5;1157;Latte Macchiato;4;;;;;;;;;;;;;;;;
03.05.25 17:02;Samstag;706;Frankreich;1;1158;Matcha Kuchen;88;;;;;;;;;;;;;;;;
03.05.25 17:04;Samstag;707;Frankreich;1;1159;Focaccia;90;;;;;;;;;;;;;;;;
03.05.25 17:05;Samstag;708;Ungarn;1,5;1160;Espresso;1;;;;;;;;;;;;;;;;
03.05.25 17:05;Samstag;709;Ungarn;1;1161;Focaccia;90;;;;;;;;;;;;;;;;
03.05.25 17:08;Samstag;710;Frankreich;1;1162;Dajeeling;10;;;;;;;;;;;;;;;;
03.05.25 17:11;Samstag;711;Dänemark;1;1163;Focaccia;90;;;;;;;;;;;;;;;;
03.05.25 17:11;Samstag;711;Dänemark;2;1164;Espresso Tonic;12;;;;;;;;;;;;;;;;
03.05.25 17:13;Samstag;712;Schaf;1,5;1165;Cappucino;3;;;;;;;;;;;;;;;;
03.05.25 17:13;Samstag;712;Schaf;1;1166;Earl Grey;9;;;;;;;;;;;;;;;;
03.05.25 17:14;Samstag;713;Wiesel;1;1167;Schoko Kuchen;89;;;;;;;;;;;;;;;;
03.05.25 17:15;Samstag;714;Igel;1,5;1168;Cappucino;3;;;;;;;;;;;;;;;;
03.05.25 17:15;Samstag;715;Maus;1;1169;Schoko Kuchen;89;;;;;;;;;;;;;;;;
03.05.25 17:15;Samstag;715;Maus;1;1170;Schoko Kuchen;89;;;;;;;;;;;;;;;;
03.05.25 17:17;Samstag;716;Lama;1,5;1171;Latte Macchiato;4;;;;;;;;;;;;;;;;
03.05.25 17:18;Samstag;717;Biene;1,5;1172;Latte Macchiato;4;;;;;;;;;;;;;;;;
03.05.25 17:20;Samstag;718;Lachs;1,5;1173;Cappucino;3;;;;;;;;;;;;;;;;
03.05.25 17:20;Samstag;718;Lachs;0,5;1174;ToGo Pfand;93;;;;;;;;;;;;;;;;
03.05.25 17:21;Samstag;719;Katze;1;1175;Schoko Kuchen;89;;;;;;;;;;;;;;;;
03.05.25 17:22;Samstag;720;Pferd;1,5;1176;Cappucino;3;;;;;;;;;;;;;;;;
03.05.25 17:22;Samstag;721;Schweden;1,5;1177;Cappucino;3;;;;;;;;;;;;;;;;
03.05.25 17:24;Samstag;722;Reh;1;1178;Schoko Kuchen;89;;;;;;;;;;;;;;;;
03.05.25 17:25;Samstag;723;Lachs;1,5;1179;Cappucino;3;;;;;;;;;;;;;;;;
03.05.25 17:25;Samstag;723;Lachs;1;1180;Focaccia;90;;;;;;;;;;;;;;;;
03.05.25 17:39;Samstag;724;Biene;1,5;1181;Kaffee Americano;2;;;;;;;;;;;;;;;;
03.05.25 17:39;Samstag;724;Biene;1,5;1182;Kaffee Americano;2;;;;;;;;;;;;;;;;
03.05.25 17:39;Samstag;724;Biene;1;1183;Schoko Kuchen;89;;;;;;;;;;;;;;;;
03.05.25 17:39;Samstag;724;Biene;1;1184;Schoko Kuchen;89;;;;;;;;;;;;;;;;
03.05.25 17:41;Samstag;725;Reh;1,5;1185;Kaffee Americano;2;;;;;;;;;;;;;;;;
03.05.25 17:42;Samstag;726;Lama;1,5;1186;Kaffee Americano;2;;;;;;;;;;;;;;;;
03.05.25 17:42;Samstag;726;Lama;1,5;1187;Kaffee Americano;2;;;;;;;;;;;;;;;;
03.05.25 17:42;Samstag;726;Lama;1;1188;Schoko Kuchen;89;;;;;;;;;;;;;;;;
03.05.25 17:45;Samstag;727;Biene;1,5;1189;Cappucino;3;;;;;;;;;;;;;;;;
03.05.25 17:48;Samstag;728;Frankreich;1,5;1190;Cappucino;3;;;;;;;;;;;;;;;;
03.05.25 17:49;Samstag;729;Dänemark;1;1191;Schoko Kuchen;89;;;;;;;;;;;;;;;;
03.05.25 17:49;Samstag;729;Dänemark;1;1192;Schoko Kuchen;89;;;;;;;;;;;;;;;;
03.05.25 17:49;Samstag;729;Dänemark;1;1193;Schoko Kuchen;89;;;;;;;;;;;;;;;;
03.05.25 17:49;Samstag;729;Dänemark;1;1194;Schoko Kuchen;89;;;;;;;;;;;;;;;;
03.05.25 17:51;Samstag;730;Lachs;1;1195;Schoko Kuchen;89;;;;;;;;;;;;;;;;
03.05.25 17:53;Samstag;731;Pferd;1;1196;Grüner Tee Sencha;6;;;;;;;;;;;;;;;;
03.05.25 17:55;Samstag;732;Igel;1;1197;Schoko Kuchen;89;;;;;;;;;;;;;;;;
03.05.25 17:56;Samstag;733;Igel;1,5;1198;Latte Macchiato;4;;;;;;;;;;;;;;;;
03.05.25 17:56;Samstag;733;Igel;1;1199;Schoko Kuchen;89;;;;;;;;;;;;;;;;
03.05.25 17:56;Samstag;733;Igel;1,5;1200;Latte Macchiato;4;;;;;;;;;;;;;;;;
03.05.25 17:56;Samstag;733;Igel;1,5;1201;Kaffee Americano;2;;;;;;;;;;;;;;;;
03.05.25 17:58;Samstag;734;Katze;1,5;1202;Latte Macchiato;4;;;;;;;;;;;;;;;;
03.05.25 17:58;Samstag;734;Katze;1,5;1203;Latte Macchiato;4;;;;;;;;;;;;;;;;
03.05.25 18:10;Samstag;735;Biene;1;1204;Dajeeling;10;;;;;;;;;;;;;;;;
03.05.25 18:10;Samstag;736;Biene;1;1205;Zitronen Kuchen;87;;;;;;;;;;;;;;;;
03.05.25 18:21;Samstag;737;Schaf;1,5;1206;Cappucino;3;;;;;;;;;;;;;;;;
03.05.25 18:26;Samstag;738;Reh;1;1207;Schoko Kuchen;89;;;;;;;;;;;;;;;;
03.05.25 18:42;Samstag;739;Reh;1;1208;Schoko Kuchen;89;;;;;;;;;;;;;;;;
03.05.25 18:42;Samstag;740;England;1;1209;Schoko Kuchen;89;;;;;;;;;;;;;;;;
03.05.25 18:43;Samstag;741;Spanien;1;1210;Schoko Kuchen;89;;;;;;;;;;;;;;;;
03.05.25 18:44;Samstag;742;Frankreich;1;1211;Zitronen Kuchen;87;;;;;;;;;;;;;;;;
03.05.25 18:44;Samstag;743;Schweden;1;1212;Schoko Kuchen;89;;;;;;;;;;;;;;;;
03.05.25 18:44;Samstag;744;Serbien;1;1213;Schoko Kuchen;89;;;;;;;;;;;;;;;;
03.05.25 18:44;Samstag;744;Serbien;1;1214;Zitronen Kuchen;87;;;;;;;;;;;;;;;;
03.05.25 18:45;Samstag;745;Ungarn;1;1215;Zitronen Kuchen;87;;;;;;;;;;;;;;;;
03.05.25 19:04;Samstag;746;Norwegen;1,5;1216;Kaffee Americano;2;;;;;;;;;;;;;;;;
03.05.25 19:07;Samstag;747;Norwegen;1,5;1217;Kaffee Americano;2;;;;;;;;;;;;;;;;
03.05.25 19:08;Samstag;748;Norwegen;1;1218;Zitronen Kuchen;87;;;;;;;;;;;;;;;;
03.05.25 19:13;Samstag;749;Norwegen;1;1219;Grüner Tee Sencha;6;;;;;;;;;;;;;;;;
03.05.25 19:17;Samstag;750;Norwegen;1;1220;Zitronen Kuchen;87;;;;;;;;;;;;;;;;